DATA,Max:,,80,,,262375,,,,,,,,,,,PARAMS,,,,,,,,,,,MODEL,
,,,,,,,,,,,,,,,,,,,,,,,,,,,,,
Survived,Pclass,Sex,Age,SibSp,Parch,Fare,Embarked,Is_Male,Embarked_S,Embarked_C,Pclass_1,Pclass_2,Age_N,Log_Fare,Ones,,Age,SibSp,Parch,Is_Male,Embarked_S,Embarked_C,Pclass_1,Pclass_2,Const,,,Linear,Loss
0,3,male,22,1,0,"7,25",S,1,1,0,0,0,"0,275","0,916",1,,"0,196","0,879","0,564","0,334","0,094","0,155","0,313","0,896","0,020",,,#VALORE!,
1,1,female,38,1,0,"71,2833",C,0,0,1,1,0,"0,475","1,859",1,,"0,545","0,815","0,216","0,668","0,461","0,213","0,550","0,996","0,020",,,#VALORE!,
1,3,female,26,0,0,7925,S,0,1,0,0,0,"0,325","3,899",1,,"0,139","0,006","0,165","0,720","0,650","0,046","0,485","0,436","0,020",,,#VALORE!,
1,1,female,35,1,0,"53,1",S,0,1,0,1,0,"0,4375","1,733",1,,"0,333","0,258","0,790","0,917","0,360","0,666","0,501","0,867","0,020",,,,
0,3,male,35,0,0,"8,05",S,1,1,0,0,0,"0,4375","0,957",1,,"0,373","0,020","0,171","0,512","0,630","0,402","0,464","0,494","0,020",,,,
0,3,male,,0,0,8.4583,Q,,,,,,,,,,,,,,,,,,,,,,
0,1,male,54,0,0,"51,8625",S,1,1,0,1,0,"0,675","1,723",1,,"0,525","0,686","0,016","0,366","0,220","0,988","0,931","0,506","0,020",,,,
0,3,male,2,3,1,21075,S,1,1,0,0,0,"0,025","4,324",1,,"0,853","0,044","0,407","0,992","0,174","0,270","0,540","0,154","0,020",,,,
1,3,female,27,0,2,"11,1333",S,0,1,0,0,0,"0,3375","1,084",1,,"0,669","0,850","0,304","0,765","0,772","0,983","0,518","0,511",,,,,
1,2,female,14,1,0,"30,0708",C,0,0,1,0,1,"0,175","1,492",1,,"0,445","0,910","0,963","0,834","0,677","0,147","0,883","0,242",,,,,
1,3,female,4,1,1,"16,7",S,0,1,0,0,0,"0,05","1,248",1,,"0,173","0,354","0,020","0,678","0,010","0,311","0,109","0,882",,,,,
1,1,female,58,0,0,"26,55",S,0,1,0,1,0,"0,725","1,440",1,,"0,149","0,992","0,005","0,775","0,433","0,637","0,577","0,260",,,,,
0,3,male,20,0,0,"8,05",S,1,1,0,0,0,"0,25","0,957",1,,"0,806","0,777","0,571","0,534","0,350","0,194","0,361","0,791",,,,,
0,3,male,39,1,5,31275,S,1,1,0,0,0,"0,4875","4,495",1,,"0,531","0,987","0,132","0,312","0,809","0,464","0,592","0,852",,,,,
0,3,female,14,0,0,"7,8542",S,0,1,0,0,0,"0,175","0,947",1,,"0,773","0,684","0,188","0,781","0,732","0,595","0,927","0,453",,,,,
1,2,female,55,0,0,16,S,0,1,0,0,1,"0,6875","1,230",1,,"0,631","0,959","0,371","0,098","0,470","0,091","0,562","0,871",,,,,
0,3,male,2,4,1,29125,Q,1,0,0,0,0,"0,025","4,464",1,,"0,185","0,117","0,651","0,376","0,447","0,636","0,710","0,684",,,,,
1,2,male,,0,0,13,S,,,,,,,,,,,,,,,,,,,,,,
0,3,female,31,1,0,18,S,0,1,0,0,0,"0,3875","1,279",1,,"0,244","0,428","0,580","0,693","0,334","0,975","0,027","0,223",,,,,
1,3,female,,0,0,7225,C,,,,,,,,,,,,,,,,,,,,,,
0,2,male,35,0,0,26,S,1,1,0,0,1,"0,4375","1,431",1,,"0,597","0,765","0,779","0,692","0,844","0,650","0,182","0,247",,,,,
1,2,male,34,0,0,13,S,1,1,0,0,1,"0,425","1,146",1,,"0,106","0,578","0,527","0,537","0,169","0,736","0,811","0,554",,,,,
1,3,female,15,0,0,"8,0292",Q,0,0,0,0,0,"0,1875","0,956",1,,"0,532","0,021","0,784","0,889","0,893","0,707","0,874","0,034",,,,,
1,1,male,28,0,0,"35,5",S,1,1,0,1,0,"0,35","1,562",1,,"0,655","0,219","0,002","0,353","0,410","0,380","0,678","0,509",,,,,
0,3,female,8,3,1,21075,S,0,1,0,0,0,"0,1","4,324",1,,"0,567","0,520","0,283","0,770","0,766","0,472","0,898","0,247",,,,,
1,3,female,38,1,5,"31,3875",S,0,1,0,0,0,"0,475","1,510",1,,"0,746","0,129","0,141","0,465","0,683","0,701","0,636","0,320",,,,,
0,3,male,,0,0,7225,C,,,,,,,,,,,,,,,,,,,,,,
0,1,male,19,3,2,263,S,1,1,0,1,0,"0,2375","2,422",1,,"0,946","0,583","0,695","0,724","0,319","0,026","0,247","0,374",,,,,
1,3,female,,0,0,7.8792,Q,,,,,,,,,,,,,,,,,,,,,,
0,3,male,,0,0,7.8958,S,,,,,,,,,,,,,,,,,,,,,,
0,1,male,40,0,0,"27,7208",C,1,0,1,1,0,"0,5","1,458",1,,"0,322","0,863","0,743","0,917","0,920","0,714","0,650","0,116",,,,,
1,1,female,,1,0,146.5208,C,,,,,,,,,,,,,,,,,,,,,,
1,3,female,,0,0,7.75,Q,,,,,,,,,,,,,,,,,,,,,,
0,2,male,66,0,0,"10,5",S,1,1,0,0,1,"0,825","1,061",1,,"0,616","0,625","0,973","0,176","0,835","0,774","0,229","0,359",,,,,
0,1,male,28,1,0,"82,1708",C,1,0,1,1,0,"0,35","1,920",1,,"0,373","0,102","0,044","0,393","0,259","0,456","0,155","0,878",,,,,
0,1,male,42,1,0,52,S,1,1,0,1,0,"0,525","1,724",1,,"0,080","0,272","0,783","0,504","0,596","0,011","0,437","0,469",,,,,
1,3,male,,0,0,7.2292,C,,,,,,,,,,,,,,,,,,,,,,
0,3,male,21,0,0,"8,05",S,1,1,0,0,0,"0,2625","0,957",1,,"0,857","0,373","0,015","0,828","0,496","0,118","0,722","0,540",,,,,
0,3,female,18,2,0,18,S,0,1,0,0,0,"0,225","1,279",1,,"0,279","0,025","0,263","0,535","0,652","0,650","0,421","0,781",,,,,
1,3,female,14,1,0,"11,2417",C,0,0,1,0,0,"0,175","1,088",1,,"0,105","0,029","0,084","0,612","0,580","0,591","0,973","0,886",,,,,
0,3,female,40,1,0,9475,S,0,1,0,0,0,"0,5","3,977",1,,"0,600","0,969","0,819","0,286","0,154","0,110","0,074","0,120",,,,,
0,2,female,27,1,0,21,S,0,1,0,0,1,"0,3375","1,342",1,,"0,006","0,052","0,375","0,995","0,385","0,434","0,938","0,796",,,,,
0,3,male,,0,0,7.8958,C,,,,,,,,,,,,,,,,,,,,,,
1,2,female,3,1,2,"41,5792",C,0,0,1,0,1,"0,0375","1,629",1,,"0,852","0,681","0,730","0,112","0,424","0,326","0,121","0,579",,,,,
1,3,female,19,0,0,"7,8792",Q,0,0,0,0,0,"0,2375","0,948",1,,"0,719","0,726","0,323","0,259","0,843","0,764","0,575","0,503",,,,,
0,3,male,,0,0,8.05,S,,,,,,,,,,,,,,,,,,,,,,
0,3,male,,1,0,15.5,Q,,,,,,,,,,,,,,,,,,,,,,
1,3,female,,0,0,7.75,Q,,,,,,,,,,,,,,,,,,,,,,
0,3,male,,2,0,21.6792,C,,,,,,,,,,,,,,,,,,,,,,
0,3,female,18,1,0,"17,8",S,0,1,0,0,0,"0,225","1,274",1,,"0,994","0,547","0,377","0,442","0,513","0,000","0,516","0,977",,,,,
0,3,male,7,4,1,"39,6875",S,1,1,0,0,0,"0,0875","1,609",1,,"0,108","0,341","0,623","0,670","0,392","0,014","0,910","0,240",,,,,
0,3,male,21,0,0,"7,8",S,1,1,0,0,0,"0,2625","0,944",1,,"0,598","0,225","0,906","0,282","0,122","0,286","0,609","0,600",,,,,
1,1,female,49,1,0,"76,7292",C,0,0,1,1,0,"0,6125","1,891",1,,"0,334","0,921","0,434","0,443","0,014","0,419","0,402","0,738",,,,,
1,2,female,29,1,0,26,S,0,1,0,0,1,"0,3625","1,431",1,,"0,817","0,161","0,023","0,565","0,763","0,120","0,232","0,274",,,,,
0,1,male,65,0,1,"61,9792",C,1,0,1,1,0,"0,8125","1,799",1,,"0,576","0,495","0,070","0,303","0,054","0,928","0,526","0,496",,,,,
1,1,male,,0,0,35.5,S,,,,,,,,,,,,,,,,,,,,,,
1,2,female,21,0,0,"10,5",S,0,1,0,0,1,"0,2625","1,061",1,,"0,612","0,394","0,386","0,390","0,817","0,306","0,880","0,401",,,,,
0,3,male,"28,5",0,0,"7,2292",C,1,0,1,0,0,"0,35625","0,915",1,,"0,656","0,944","0,314","0,474","0,002","0,516","0,489","0,219",,,,,
1,2,female,5,1,2,"27,75",S,0,1,0,0,1,"0,0625","1,459",1,,"0,075","0,110","0,925","0,030","0,251","0,771","0,795","0,244",,,,,
0,3,male,11,5,2,"46,9",S,1,1,0,0,0,"0,1375","1,680",1,,"0,965","0,862","0,190","0,920","0,782","0,526","0,188","0,535",,,,,
0,3,male,22,0,0,"7,2292",C,1,0,1,0,0,"0,275","0,915",1,,"0,828","0,451","0,912","0,496","0,397","0,113","0,138","0,003",,,,,
1,1,female,38,0,0,80,,0,0,0,1,0,"0,475","1,908",1,,"0,504","0,563","0,790","0,191","0,373","0,067","0,967","0,659",,,,,
0,1,male,45,1,0,83475,S,1,1,0,1,0,"0,5625","4,922",1,,"0,187","0,200","0,039","0,637","0,268","0,612","0,064","0,289",,,,,
0,3,male,4,3,2,"27,9",S,1,1,0,0,0,"0,05","1,461",1,,"0,492","0,632","0,760","0,579","0,853","0,752","0,305","0,762",,,,,
0,1,male,,0,0,27.7208,C,,,,,,,,,,,,,,,,,,,,,,
1,3,male,,1,1,15.2458,C,,,,,,,,,,,,,,,,,,,,,,
1,2,female,29,0,0,"10,5",S,0,1,0,0,1,"0,3625","1,061",1,,"0,123","0,723","0,385","0,079","0,478","0,060","0,669","0,447",,,,,
0,3,male,19,0,0,"8,1583",S,1,1,0,0,0,"0,2375","0,962",1,,"0,008","0,284","0,691","0,274","0,606","0,078","0,637","0,020",,,,,
1,3,female,17,4,2,7925,S,0,1,0,0,0,"0,2125","3,899",1,,"0,843","0,746","0,233","0,277","0,391","0,611","0,152","0,628",,,,,
0,3,male,26,2,0,"8,6625",S,1,1,0,0,0,"0,325","0,985",1,,"0,018","0,869","0,374","0,045","0,468","0,634","0,979","0,138",,,,,
0,2,male,32,0,0,"10,5",S,1,1,0,0,1,"0,4","1,061",1,,"0,078","0,150","0,841","0,866","0,333","0,245","0,768","0,337",,,,,
0,3,female,16,5,2,"46,9",S,0,1,0,0,0,"0,2","1,680",1,,"0,200","0,071","0,776","0,292","0,957","0,073","0,540","0,480",,,,,
0,2,male,21,0,0,"73,5",S,1,1,0,0,1,"0,2625","1,872",1,,"0,454","0,306","0,972","0,812","0,780","0,085","0,118","0,638",,,,,
0,3,male,26,1,0,"14,4542",C,1,0,1,0,0,"0,325","1,189",1,,"0,366","0,540","0,638","0,363","0,710","0,035","0,423","0,535",,,,,
1,3,male,32,0,0,"56,4958",S,1,1,0,0,0,"0,4","1,760",1,,"0,004","0,407","0,423","0,977","0,648","0,182","0,840","0,486",,,,,
0,3,male,25,0,0,"7,65",S,1,1,0,0,0,"0,3125","0,937",1,,"0,052","0,704","0,315","0,348","0,962","0,963","0,349","0,971",,,,,
0,3,male,,0,0,7.8958,S,,,,,,,,,,,,,,,,,,,,,,
0,3,male,,0,0,8.05,S,,,,,,,,,,,,,,,,,,,,,,
1,2,male,"0,83",0,2,29,S,1,1,0,0,1,"0,010375","1,477",1,,"0,195","0,449","0,763","0,391","0,961","0,196","0,300","0,435",,,,,
1,3,female,30,0,0,12475,S,0,1,0,0,0,"0,375","4,096",1,,"0,571","0,663","0,598","0,949","0,763","0,695","0,449","0,327",,,,,
0,3,male,22,0,0,9,S,1,1,0,0,0,"0,275","1,000",1,,"0,897","0,818","0,091","0,483","0,211","0,368","0,701","0,356",,,,,
1,3,male,29,0,0,"9,5",S,1,1,0,0,0,"0,3625","1,021",1,,"0,877","0,522","0,719","0,221","0,988","0,784","0,869","0,103",,,,,
1,3,female,,0,0,7.7875,Q,,,,,,,,,,,,,,,,,,,,,,
0,1,male,28,0,0,"47,1",S,1,1,0,1,0,"0,35","1,682",1,,"0,949","0,274","0,334","0,904","0,919","0,500","0,909","0,052",,,,,
1,2,female,17,0,0,"10,5",S,0,1,0,0,1,"0,2125","1,061",1,,"0,140","0,900","0,655","0,531","0,515","0,272","0,763","0,659",,,,,
1,3,female,33,3,0,"15,85",S,0,1,0,0,0,"0,4125","1,227",1,,"0,984","0,155","0,837","0,083","0,834","0,574","0,969","0,784",,,,,
0,3,male,16,1,3,34375,S,1,1,0,0,0,"0,2","4,536",1,,"0,580","0,475","0,768","0,469","0,713","0,618","0,261","0,241",,,,,
0,3,male,,0,0,8.05,S,,,,,,,,,,,,,,,,,,,,,,
1,1,female,23,3,2,263,S,0,1,0,1,0,"0,2875","2,422",1,,"0,606","0,232","0,706","0,469","0,673","0,247","0,874","0,537",,,,,
0,3,male,24,0,0,"8,05",S,1,1,0,0,0,"0,3","0,957",1,,"0,255","0,120","0,570","0,726","0,088","0,322","0,558","0,936",,,,,
0,3,male,29,0,0,"8,05",S,1,1,0,0,0,"0,3625","0,957",1,,"0,793","0,685","0,571","0,925","0,337","0,828","0,709","0,556",,,,,
0,3,male,20,0,0,"7,8542",S,1,1,0,0,0,"0,25","0,947",1,,"0,078","0,035","0,725","0,528","0,670","0,443","0,050","0,890",,,,,
0,1,male,46,1,0,61175,S,1,1,0,1,0,"0,575","4,787",1,,"0,072","0,184","0,810","0,133","0,391","0,066","0,756","0,790",,,,,
0,3,male,26,1,2,20575,S,1,1,0,0,0,"0,325","4,313",1,,"0,046","0,278","0,595","0,700","0,855","0,431","0,232","0,450",,,,,
0,3,male,59,0,0,"7,25",S,1,1,0,0,0,"0,7375","0,916",1,,"0,904","0,434","0,484","0,268","0,400","0,101","0,029","0,638",,,,,
0,3,male,,0,0,8.05,S,,,,,,,,,,,,,,,,,,,,,,
0,1,male,71,0,0,"34,6542",C,1,0,1,1,0,"0,8875","1,552",1,,"0,302","0,912","0,790","0,555","0,834","0,235","0,129","0,544",,,,,
1,1,male,23,0,1,"63,3583",C,1,0,1,1,0,"0,2875","1,809",1,,"0,662","0,474","0,225","0,915","0,819","0,857","0,252","0,334",,,,,
1,2,female,34,0,1,23,S,0,1,0,0,1,"0,425","1,380",1,,"0,337","0,693","0,263","0,546","0,660","0,680","0,058","0,363",,,,,
0,2,male,34,1,0,26,S,1,1,0,0,1,"0,425","1,431",1,,"0,458","0,795","0,334","0,600","0,140","0,109","0,997","0,772",,,,,
0,3,female,28,0,0,"7,8958",S,0,1,0,0,0,"0,35","0,949",1,,"0,192","0,064","0,486","0,394","0,010","0,751","0,010","0,007",,,,,
0,3,male,,0,0,7.8958,S,,,,,,,,,,,,,,,,,,,,,,
0,1,male,21,0,1,"77,2875",S,1,1,0,1,0,"0,2625","1,894",1,,"0,371","0,062","0,383","0,098","0,672","0,353","0,237","0,716",,,,,
0,3,male,33,0,0,"8,6542",S,1,1,0,0,0,"0,4125","0,985",1,,"0,277","0,859","0,406","0,865","0,606","0,690","0,247","0,706",,,,,
0,3,male,37,2,0,7925,S,1,1,0,0,0,"0,4625","3,899",1,,"0,263","0,490","0,231","0,469","0,766","0,161","0,860","0,865",,,,,
0,3,male,28,0,0,"7,8958",S,1,1,0,0,0,"0,35","0,949",1,,"0,402","0,043","0,512","0,519","0,006","0,919","0,949","0,080",,,,,
1,3,female,21,0,0,"7,65",S,0,1,0,0,0,"0,2625","0,937",1,,"0,812","0,441","0,365","0,133","0,368","0,189","0,964","0,916",,,,,
1,3,male,,0,0,7775,S,,,,,,,,,,,,,,,,,,,,,,
0,3,male,38,0,0,"7,8958",S,1,1,0,0,0,"0,475","0,949",1,,"0,362","0,670","0,236","0,774","0,971","0,729","0,716","0,465",,,,,
1,3,female,,1,0,24.15,Q,,,,,,,,,,,,,,,,,,,,,,
0,1,male,47,0,0,52,S,1,1,0,1,0,"0,5875","1,724",1,,"0,918","0,661","0,176","0,480","0,996","0,436","0,484","0,526",,,,,
0,3,female,"14,5",1,0,"14,4542",C,0,0,1,0,0,"0,18125","1,189",1,,"0,676","0,985","0,322","0,230","0,444","0,244","0,038","0,193",,,,,
0,3,male,22,0,0,"8,05",S,1,1,0,0,0,"0,275","0,957",1,,"0,301","0,892","0,534","0,289","0,248","0,488","0,174","0,450",,,,,
0,3,female,20,1,0,9825,S,0,1,0,0,0,"0,25","3,992",1,,"0,839","0,992","0,478","0,481","0,265","0,780","0,728","0,862",,,,,
0,3,female,17,0,0,"14,4583",C,0,0,1,0,0,"0,2125","1,189",1,,"0,513","0,924","0,511","0,496","0,211","0,514","0,373","0,419",,,,,
0,3,male,21,0,0,7925,S,1,1,0,0,0,"0,2625","3,899",1,,"0,129","0,589","0,660","0,032","0,529","0,209","0,706","0,829",,,,,
0,3,male,"70,5",0,0,"7,75",Q,1,0,0,0,0,"0,88125","0,942",1,,"0,040","0,212","0,513","0,501","0,771","0,709","0,860","0,998",,,,,
0,2,male,29,1,0,21,S,1,1,0,0,1,"0,3625","1,342",1,,"0,353","0,472","0,575","0,982","0,254","0,086","0,073","0,460",,,,,
0,1,male,24,0,1,"247,5208",C,1,0,1,1,0,"0,3","2,395",1,,"0,295","0,822","0,224","0,011","0,755","0,465","0,878","0,171",,,,,
0,3,female,2,4,2,31275,S,0,1,0,0,0,"0,025","4,495",1,,"0,389","0,524","0,996","0,712","0,807","0,635","0,156","0,096",,,,,
0,2,male,21,2,0,"73,5",S,1,1,0,0,1,"0,2625","1,872",1,,"0,395","0,828","0,353","0,305","0,603","0,656","0,428","0,893",,,,,
0,3,male,,0,0,8.05,S,,,,,,,,,,,,,,,,,,,,,,
0,2,male,"32,5",1,0,"30,0708",C,1,0,1,0,1,"0,40625","1,492",1,,"0,980","0,296","0,753","0,158","0,195","0,747","0,722","0,537",,,,,
1,2,female,"32,5",0,0,13,S,0,1,0,0,1,"0,40625","1,146",1,,"0,251","0,657","0,149","0,083","0,229","0,116","0,123","0,594",,,,,
0,1,male,54,0,1,"77,2875",S,1,1,0,1,0,"0,675","1,894",1,,"0,862","0,394","0,659","0,662","0,581","0,918","0,791","0,720",,,,,
1,3,male,12,1,0,"11,2417",C,1,0,1,0,0,"0,15","1,088",1,,"0,599","0,206","0,286","0,343","0,889","0,256","0,539","0,623",,,,,
0,3,male,,0,0,7.75,Q,,,,,,,,,,,,,,,,,,,,,,
1,3,male,24,0,0,"7,1417",S,1,1,0,0,0,"0,3","0,911",1,,"0,334","0,705","0,408","0,531","0,686","0,648","0,533","0,988",,,,,
1,3,female,,1,1,22.3583,C,,,,,,,,,,,,,,,,,,,,,,
0,3,male,45,0,0,6975,S,1,1,0,0,0,"0,5625","3,844",1,,"0,361","0,651","0,356","0,650","0,429","0,456","0,960","0,914",,,,,
0,3,male,33,0,0,"7,8958",C,1,0,1,0,0,"0,4125","0,949",1,,"0,819","0,791","0,769","0,207","0,149","0,599","0,579","0,853",,,,,
0,3,male,20,0,0,"7,05",S,1,1,0,0,0,"0,25","0,906",1,,"0,179","0,008","0,115","0,918","0,890","0,587","0,797","0,019",,,,,
0,3,female,47,1,0,"14,5",S,0,1,0,0,0,"0,5875","1,190",1,,"0,973","0,624","0,131","0,714","0,924","0,857","0,563","0,610",,,,,
1,2,female,29,1,0,26,S,0,1,0,0,1,"0,3625","1,431",1,,"0,297","0,535","0,262","0,639","0,800","0,828","0,141","0,571",,,,,
0,2,male,25,0,0,13,S,1,1,0,0,1,"0,3125","1,146",1,,"0,652","0,770","0,549","0,365","0,258","0,323","0,591","0,507",,,,,
0,2,male,23,0,0,"15,0458",C,1,0,1,0,1,"0,2875","1,205",1,,"0,708","0,038","0,565","0,972","0,708","0,420","0,885","0,953",,,,,
1,1,female,19,0,2,"26,2833",S,0,1,0,1,0,"0,2375","1,436",1,,"0,793","0,745","0,454","0,296","0,326","0,732","0,916","0,128",,,,,
0,1,male,37,1,0,"53,1",S,1,1,0,1,0,"0,4625","1,733",1,,"0,889","0,641","0,787","0,789","0,976","0,698","0,704","0,872",,,,,
0,3,male,16,0,0,"9,2167",S,1,1,0,0,0,"0,2","1,009",1,,"0,569","0,600","0,565","0,607","0,346","0,759","0,698","0,171",,,,,
0,1,male,24,0,0,"79,2",C,1,0,1,1,0,"0,3","1,904",1,,"0,850","0,200","0,604","0,669","0,484","0,074","0,872","0,049",,,,,
0,3,female,,0,2,15.2458,C,,,,,,,,,,,,,,,,,,,,,,
1,3,female,22,0,0,"7,75",S,0,1,0,0,0,"0,275","0,942",1,,"0,974","0,069","0,263","0,453","0,559","0,356","0,738","0,448",,,,,
1,3,female,24,1,0,"15,85",S,0,1,0,0,0,"0,3","1,227",1,,"0,238","0,229","0,436","0,102","0,179","0,119","0,946","0,480",,,,,
0,3,male,19,0,0,"6,75",Q,1,0,0,0,0,"0,2375","0,889",1,,"0,585","0,883","0,194","0,853","0,600","0,080","0,038","0,806",,,,,
0,2,male,18,0,0,"11,5",S,1,1,0,0,1,"0,225","1,097",1,,"0,363","0,563","0,745","0,183","0,548","0,661","0,621","0,755",,,,,
0,2,male,19,1,1,"36,75",S,1,1,0,0,1,"0,2375","1,577",1,,"0,297","0,707","0,114","0,414","0,986","0,562","0,630","0,678",,,,,
1,3,male,27,0,0,"7,7958",S,1,1,0,0,0,"0,3375","0,944",1,,"0,244","0,485","0,466","0,671","0,003","0,415","0,127","0,916",,,,,
0,3,female,9,2,2,34375,S,0,1,0,0,0,"0,1125","4,536",1,,"0,581","0,549","0,706","0,522","0,707","0,048","0,543","0,293",,,,,
0,2,male,"36,5",0,2,26,S,1,1,0,0,1,"0,45625","1,431",1,,"0,777","0,022","0,699","0,152","0,829","0,525","0,209","0,891",,,,,
0,2,male,42,0,0,13,S,1,1,0,0,1,"0,525","1,146",1,,"0,832","0,941","0,972","0,397","0,090","0,278","0,518","0,538",,,,,
0,2,male,51,0,0,12525,S,1,1,0,0,1,"0,6375","4,098",1,,"0,441","0,800","0,950","0,424","0,548","0,185","0,441","0,366",,,,,
1,1,female,22,1,0,"66,6",S,0,1,0,1,0,"0,275","1,830",1,,"0,324","0,526","0,729","0,257","0,433","0,783","0,941","0,359",,,,,
0,3,male,"55,5",0,0,"8,05",S,1,1,0,0,0,"0,69375","0,957",1,,"0,248","0,918","0,578","0,771","0,195","0,112","0,247","0,966",,,,,
0,3,male,"40,5",0,2,"14,5",S,1,1,0,0,0,"0,50625","1,190",1,,"0,628","0,407","0,429","0,344","0,382","0,332","0,101","0,076",,,,,
0,3,male,,0,0,7.3125,S,,,,,,,,,,,,,,,,,,,,,,
0,1,male,51,0,1,"61,3792",C,1,0,1,1,0,"0,6375","1,795",1,,"0,278","0,314","0,704","0,326","0,984","0,406","0,784","0,733",,,,,
1,3,female,16,0,0,"7,7333",Q,0,0,0,0,0,"0,2","0,941",1,,"0,812","0,317","0,685","0,852","0,150","0,539","0,956","0,848",,,,,
0,3,male,30,0,0,"8,05",S,1,1,0,0,0,"0,375","0,957",1,,"0,954","0,219","0,289","0,072","0,420","0,863","0,433","0,687",,,,,
0,3,male,,0,0,8.6625,S,,,,,,,,,,,,,,,,,,,,,,
0,3,male,,8,2,69.55,S,,,,,,,,,,,,,,,,,,,,,,
0,3,male,44,0,1,"16,1",S,1,1,0,0,0,"0,55","1,233",1,,"0,354","0,896","0,795","0,482","0,096","0,532","0,248","0,894",,,,,
1,2,female,40,0,0,"15,75",S,0,1,0,0,1,"0,5","1,224",1,,"0,504","0,677","0,995","0,848","0,807","0,092","0,003","0,145",,,,,
0,3,male,26,0,0,7775,S,1,1,0,0,0,"0,325","3,891",1,,"0,566","0,266","0,381","0,658","0,494","0,516","0,357","0,842",,,,,
0,3,male,17,0,0,"8,6625",S,1,1,0,0,0,"0,2125","0,985",1,,"0,156","0,713","0,864","0,803","0,850","0,511","0,928","0,733",,,,,
0,3,male,1,4,1,"39,6875",S,1,1,0,0,0,"0,0125","1,609",1,,"0,737","0,963","0,108","0,271","0,392","0,765","0,461","0,371",,,,,
1,3,male,9,0,2,20525,S,1,1,0,0,0,"0,1125","4,312",1,,"0,324","0,061","0,691","0,842","0,449","0,346","0,566","0,011",,,,,
1,1,female,,0,1,55,S,,,,,,,,,,,,,,,,,,,,,,
0,3,female,45,1,4,"27,9",S,0,1,0,0,0,"0,5625","1,461",1,,"0,298","0,255","0,016","0,687","0,604","0,077","0,671","0,904",,,,,
0,1,male,,0,0,25925,S,,,,,,,,,,,,,,,,,,,,,,
0,3,male,28,0,0,"56,4958",S,1,1,0,0,0,"0,35","1,760",1,,"0,291","0,173","0,088","0,149","0,337","0,288","0,242","0,375",,,,,
0,1,male,61,0,0,"33,5",S,1,1,0,1,0,"0,7625","1,538",1,,"0,300","0,428","0,643","0,892","0,850","0,005","0,183","0,015",,,,,
0,3,male,4,4,1,29125,Q,1,0,0,0,0,"0,05","4,464",1,,"0,023","0,749","0,761","0,693","0,501","0,039","0,530","0,132",,,,,
1,3,female,1,1,1,"11,1333",S,0,1,0,0,0,"0,0125","1,084",1,,"0,763","0,806","0,683","0,214","0,213","0,100","0,386","0,732",,,,,
0,3,male,21,0,0,7925,S,1,1,0,0,0,"0,2625","3,899",1,,"0,139","0,121","0,191","0,115","0,846","0,557","0,548","0,392",,,,,
0,1,male,56,0,0,"30,6958",C,1,0,1,1,0,"0,7","1,501",1,,"0,758","0,781","0,331","0,630","0,446","0,943","0,259","0,831",,,,,
0,3,male,18,1,1,"7,8542",S,1,1,0,0,0,"0,225","0,947",1,,"0,928","0,906","0,969","0,923","0,662","0,489","0,190","0,925",,,,,
0,3,male,,3,1,25.4667,S,,,,,,,,,,,,,,,,,,,,,,
0,1,female,50,0,0,"28,7125",C,0,0,1,1,0,"0,625","1,473",1,,"0,945","0,660","0,267","0,348","0,584","0,451","0,158","0,272",,,,,
0,2,male,30,0,0,13,S,1,1,0,0,1,"0,375","1,146",1,,"0,913","0,851","0,261","0,425","0,840","0,583","0,082","0,987",,,,,
0,3,male,36,0,0,0,S,1,1,0,0,0,"0,45","0,000",1,,"0,300","0,033","0,481","0,939","0,355","0,057","0,787","0,014",,,,,
0,3,female,,8,2,69.55,S,,,,,,,,,,,,,,,,,,,,,,
0,2,male,,0,0,15.05,C,,,,,,,,,,,,,,,,,,,,,,
0,3,male,9,4,2,"31,3875",S,1,1,0,0,0,"0,1125","1,510",1,,"0,381","0,544","0,556","0,838","0,730","0,736","0,238","0,886",,,,,
1,2,male,1,2,1,39,S,1,1,0,0,1,"0,0125","1,602",1,,"0,272","0,241","0,316","0,155","0,102","0,139","0,363","0,670",,,,,
1,3,female,4,0,2,22025,S,0,1,0,0,0,"0,05","4,343",1,,"0,212","0,498","0,957","0,985","0,030","0,101","0,646","0,535",,,,,
0,1,male,,0,0,50,S,,,,,,,,,,,,,,,,,,,,,,
1,3,female,,1,0,15.5,Q,,,,,,,,,,,,,,,,,,,,,,
1,1,male,45,0,0,"26,55",S,1,1,0,1,0,"0,5625","1,440",1,,"0,986","0,153","0,937","0,480","0,675","0,421","0,751","0,814",,,,,
0,3,male,40,1,1,"15,5",Q,1,0,0,0,0,"0,5","1,217",1,,"0,184","0,774","0,346","0,984","0,733","0,142","0,968","0,333",,,,,
0,3,male,36,0,0,"7,8958",S,1,1,0,0,0,"0,45","0,949",1,,"0,677","0,543","0,769","0,320","0,010","0,128","0,440","0,959",,,,,
1,2,female,32,0,0,13,S,0,1,0,0,1,"0,4","1,146",1,,"0,268","0,939","0,889","0,028","0,707","0,132","0,768","0,113",,,,,
0,2,male,19,0,0,13,S,1,1,0,0,1,"0,2375","1,146",1,,"0,921","0,866","0,135","0,496","0,322","0,995","0,335","0,242",,,,,
1,3,female,19,1,0,"7,8542",S,0,1,0,0,0,"0,2375","0,947",1,,"0,502","0,194","0,341","0,410","0,214","0,166","0,820","0,158",,,,,
1,2,male,3,1,1,26,S,1,1,0,0,1,"0,0375","1,431",1,,"0,711","0,369","0,008","0,016","0,529","0,378","0,087","0,101",,,,,
1,1,female,44,0,0,"27,7208",C,0,0,1,1,0,"0,55","1,458",1,,"0,291","0,800","0,047","0,765","0,638","0,822","0,276","0,015",,,,,
1,1,female,58,0,0,"146,5208",C,0,0,1,1,0,"0,725","2,169",1,,"0,005","0,274","0,513","0,939","0,479","0,149","0,671","0,560",,,,,
0,3,male,,0,0,7.75,Q,,,,,,,,,,,,,,,,,,,,,,
0,3,male,42,0,1,"8,4042",S,1,1,0,0,0,"0,525","0,973",1,,"0,930","0,643","0,159","0,562","0,319","0,024","0,014","0,354",,,,,
1,3,female,,0,0,7.75,Q,,,,,,,,,,,,,,,,,,,,,,
0,2,female,24,0,0,13,S,0,1,0,0,1,"0,3","1,146",1,,"0,545","0,136","0,291","0,592","0,607","0,789","0,141","0,828",,,,,
0,3,male,28,0,0,"9,5",S,1,1,0,0,0,"0,35","1,021",1,,"0,208","0,788","0,064","0,467","0,859","0,775","0,385","0,096",,,,,
0,3,male,,8,2,69.55,S,,,,,,,,,,,,,,,,,,,,,,
0,3,male,34,0,0,"6,4958",S,1,1,0,0,0,"0,425","0,875",1,,"0,016","0,379","0,720","0,838","0,028","0,960","0,712","0,451",,,,,
0,3,male,"45,5",0,0,7225,C,1,0,1,0,0,"0,56875","3,859",1,,"0,723","0,995","0,313","0,451","0,438","0,111","0,776","0,162",,,,,
1,3,male,18,0,0,"8,05",S,1,1,0,0,0,"0,225","0,957",1,,"0,461","0,178","0,274","0,310","0,171","0,753","0,553","0,305",,,,,
0,3,female,2,0,1,"10,4625",S,0,1,0,0,0,"0,025","1,059",1,,"0,585","0,994","0,189","0,299","0,893","0,438","0,955","0,089",,,,,
0,3,male,32,1,0,"15,85",S,1,1,0,0,0,"0,4","1,227",1,,"0,851","0,668","0,250","0,681","0,275","0,722","0,919","0,924",,,,,
1,3,male,26,0,0,"18,7875",C,1,0,1,0,0,"0,325","1,296",1,,"0,629","0,834","0,565","0,868","0,484","0,494","0,619","0,513",,,,,
1,3,female,16,0,0,"7,75",Q,0,0,0,0,0,"0,2","0,942",1,,"0,367","0,896","0,890","0,710","0,912","0,842","0,942","0,372",,,,,
1,1,male,40,0,0,31,C,1,0,1,1,0,"0,5","1,505",1,,"0,695","0,061","0,825","0,974","0,158","0,389","0,745","0,684",,,,,
0,3,male,24,0,0,"7,05",S,1,1,0,0,0,"0,3","0,906",1,,"0,993","0,685","0,582","0,467","0,402","0,158","0,509","0,851",,,,,
1,2,female,35,0,0,21,S,0,1,0,0,1,"0,4375","1,342",1,,"0,924","0,927","0,112","0,603","0,345","0,262","0,124","0,664",,,,,
0,3,male,22,0,0,"7,25",S,1,1,0,0,0,"0,275","0,916",1,,"0,795","0,048","0,264","0,864","0,635","0,371","0,081","0,451",,,,,
0,2,male,30,0,0,13,S,1,1,0,0,1,"0,375","1,146",1,,"0,408","0,057","0,205","0,035","0,947","0,127","0,419","0,007",,,,,
0,3,male,,1,0,7.75,Q,,,,,,,,,,,,,,,,,,,,,,
1,1,female,31,1,0,113275,C,0,0,1,1,0,"0,3875","5,054",1,,"0,354","0,125","0,956","0,231","0,891","0,318","0,857","0,861",,,,,
1,3,female,27,0,0,7925,S,0,1,0,0,0,"0,3375","3,899",1,,"0,620","0,728","0,949","0,894","0,046","0,302","0,488","0,547",,,,,
0,2,male,42,1,0,27,S,1,1,0,0,1,"0,525","1,447",1,,"0,179","0,903","0,684","0,220","0,035","0,574","0,793","0,314",,,,,
1,1,female,32,0,0,"76,2917",C,0,0,1,1,0,"0,4","1,888",1,,"0,143","0,945","0,162","0,927","0,102","0,284","0,510","0,191",,,,,
0,2,male,30,0,0,"10,5",S,1,1,0,0,1,"0,375","1,061",1,,"0,286","0,650","0,582","0,905","0,827","0,946","0,055","0,703",,,,,
1,3,male,16,0,0,"8,05",S,1,1,0,0,0,"0,2","0,957",1,,"0,037","0,390","0,835","0,708","0,103","0,920","0,573","0,018",,,,,
0,2,male,27,0,0,13,S,1,1,0,0,1,"0,3375","1,146",1,,"0,716","0,335","0,334","0,273","0,616","0,915","0,169","0,650",,,,,
0,3,male,51,0,0,"8,05",S,1,1,0,0,0,"0,6375","0,957",1,,"0,624","0,822","0,940","0,443","0,832","0,167","0,488","0,188",,,,,
0,3,male,,0,0,7.8958,S,,,,,,,,,,,,,,,,,,,,,,
1,1,male,38,1,0,90,S,1,1,0,1,0,"0,475","1,959",1,,"0,730","0,379","0,050","0,604","0,860","0,684","0,640","0,176",,,,,
0,3,male,22,0,0,"9,35",S,1,1,0,0,0,"0,275","1,015",1,,"0,583","0,689","0,389","0,061","0,853","0,908","0,797","0,695",,,,,
1,2,male,19,0,0,"10,5",S,1,1,0,0,1,"0,2375","1,061",1,,"0,515","0,383","0,337","0,605","0,770","0,851","0,732","0,058",,,,,
0,3,male,"20,5",0,0,"7,25",S,1,1,0,0,0,"0,25625","0,916",1,,"0,852","0,396","0,445","0,191","0,714","0,510","0,277","0,473",,,,,
0,2,male,18,0,0,13,S,1,1,0,0,1,"0,225","1,146",1,,"0,386","0,222","0,747","0,492","0,772","0,160","0,115","0,910",,,,,
0,3,female,,3,1,25.4667,S,,,,,,,,,,,,,,,,,,,,,,
1,1,female,35,1,0,83475,S,0,1,0,1,0,"0,4375","4,922",1,,"0,689","0,119","0,004","0,576","0,332","0,899","0,908","0,222",,,,,
0,3,male,29,0,0,7775,S,1,1,0,0,0,"0,3625","3,891",1,,"0,400","0,742","0,526","0,122","0,439","0,707","0,700","0,876",,,,,
0,2,male,59,0,0,"13,5",S,1,1,0,0,1,"0,7375","1,161",1,,"0,779","0,455","0,581","0,489","0,845","0,831","0,703","0,365",,,,,
1,3,female,5,4,2,"31,3875",S,0,1,0,0,0,"0,0625","1,510",1,,"0,573","0,171","0,089","0,738","0,070","0,648","0,451","0,992",,,,,
0,2,male,24,0,0,"10,5",S,1,1,0,0,1,"0,3","1,061",1,,"0,430","0,500","0,472","0,644","0,614","0,798","0,070","0,454",,,,,
0,3,female,,0,0,7.55,S,,,,,,,,,,,,,,,,,,,,,,
0,2,male,44,1,0,26,S,1,1,0,0,1,"0,55","1,431",1,,"0,989","0,205","0,943","0,158","0,140","0,988","0,037","0,125",,,,,
1,2,female,8,0,2,"26,25",S,0,1,0,0,1,"0,1","1,435",1,,"0,800","0,598","0,911","0,177","0,054","0,724","0,625","0,505",,,,,
0,2,male,19,0,0,"10,5",S,1,1,0,0,1,"0,2375","1,061",1,,"0,016","0,200","0,960","0,281","0,374","0,934","0,052","0,835",,,,,
0,2,male,33,0,0,12275,S,1,1,0,0,1,"0,4125","4,089",1,,"0,966","0,769","0,546","0,678","0,393","0,102","0,811","0,113",,,,,
0,3,female,,1,0,14.4542,C,,,,,,,,,,,,,,,,,,,,,,
1,3,female,,1,0,15.5,Q,,,,,,,,,,,,,,,,,,,,,,
0,2,male,29,0,0,"10,5",S,1,1,0,0,1,"0,3625","1,061",1,,"0,675","0,370","0,829","0,390","0,190","0,399","0,365","0,712",,,,,
0,3,male,22,0,0,7125,S,1,1,0,0,0,"0,275","3,853",1,,"0,382","0,665","0,356","0,536","0,489","0,848","0,436","0,440",,,,,
0,3,male,30,0,0,7225,C,1,0,1,0,0,"0,375","3,859",1,,"0,024","0,257","0,992","0,855","0,690","0,759","0,405","0,800",,,,,
0,1,male,44,2,0,90,Q,1,0,0,1,0,"0,55","1,959",1,,"0,794","0,692","0,267","0,090","0,701","0,937","0,475","0,453",,,,,
0,3,female,25,0,0,7775,S,0,1,0,0,0,"0,3125","3,891",1,,"0,593","0,059","0,926","0,412","0,936","0,991","0,726","0,350",,,,,
1,2,female,24,0,2,"14,5",S,0,1,0,0,1,"0,3","1,190",1,,"0,840","0,523","0,910","0,933","0,538","0,181","0,789","0,180",,,,,
1,1,male,37,1,1,"52,5542",S,1,1,0,1,0,"0,4625","1,729",1,,"0,145","0,206","0,964","0,610","0,700","0,281","0,331","0,231",,,,,
0,2,male,54,1,0,26,S,1,1,0,0,1,"0,675","1,431",1,,"0,670","0,645","0,642","0,282","0,226","0,355","0,140","0,556",,,,,
0,3,male,,0,0,7.25,S,,,,,,,,,,,,,,,,,,,,,,
0,3,female,29,1,1,"10,4625",S,0,1,0,0,0,"0,3625","1,059",1,,"0,439","0,042","1,000","0,803","0,639","0,489","0,720","0,305",,,,,
0,1,male,62,0,0,"26,55",S,1,1,0,1,0,"0,775","1,440",1,,"0,948","0,730","0,114","0,409","0,014","0,050","0,993","0,482",,,,,
0,3,male,30,1,0,"16,1",S,1,1,0,0,0,"0,375","1,233",1,,"0,700","0,137","0,410","0,820","0,784","0,403","0,459","0,731",,,,,
0,3,female,41,0,2,"20,2125",S,0,1,0,0,0,"0,5125","1,327",1,,"0,054","0,018","0,893","0,715","0,496","0,119","0,006","0,212",,,,,
1,3,female,29,0,2,"15,2458",C,0,0,1,0,0,"0,3625","1,211",1,,"0,334","0,962","0,222","0,335","0,356","0,933","0,609","0,488",,,,,
1,1,female,,0,0,79.2,C,,,,,,,,,,,,,,,,,,,,,,
1,1,female,30,0,0,"86,5",S,0,1,0,1,0,"0,375","1,942",1,,"0,095","0,676","0,634","0,399","0,063","0,689","0,057","0,507",,,,,
1,1,female,35,0,0,"512,3292",C,0,0,1,1,0,"0,4375","2,710",1,,"0,515","0,434","0,141","0,171","0,405","0,340","0,486","0,288",,,,,
1,2,female,50,0,1,26,S,0,1,0,0,1,"0,625","1,431",1,,"0,394","0,578","0,752","0,969","0,089","0,601","0,715","0,392",,,,,
0,3,male,,0,0,7.75,Q,,,,,,,,,,,,,,,,,,,,,,
1,3,male,3,4,2,"31,3875",S,1,1,0,0,0,"0,0375","1,510",1,,"0,864","0,851","0,671","0,641","0,009","0,230","0,779","0,725",,,,,
0,1,male,52,1,1,"79,65",S,1,1,0,1,0,"0,65","1,907",1,,"0,570","0,805","0,108","0,003","0,073","0,244","0,858","0,478",,,,,
0,1,male,40,0,0,0,S,1,1,0,1,0,"0,5","0,000",1,,"0,326","0,736","0,736","0,291","0,749","0,065","0,740","0,527",,,,,
0,3,female,,0,0,7.75,Q,,,,,,,,,,,,,,,,,,,,,,
0,2,male,36,0,0,"10,5",S,1,1,0,0,1,"0,45","1,061",1,,"0,208","0,403","0,746","0,542","0,709","0,905","0,757","0,238",,,,,
0,3,male,16,4,1,"39,6875",S,1,1,0,0,0,"0,2","1,609",1,,"0,950","0,113","0,320","0,431","0,894","0,624","0,636","0,500",,,,,
1,3,male,25,1,0,7775,S,1,1,0,0,0,"0,3125","3,891",1,,"0,293","0,130","0,786","0,412","0,501","0,326","0,359","0,097",,,,,
1,1,female,58,0,1,"153,4625",S,0,1,0,1,0,"0,725","2,189",1,,"0,558","0,306","0,599","0,582","0,670","0,777","0,766","0,739",,,,,
1,1,female,35,0,0,"135,6333",S,0,1,0,1,0,"0,4375","2,136",1,,"0,607","0,385","0,657","0,892","0,328","0,836","0,329","0,526",,,,,
0,1,male,,0,0,31,S,,,,,,,,,,,,,,,,,,,,,,
1,3,male,25,0,0,0,S,1,1,0,0,0,"0,3125","0,000",1,,"0,239","0,624","0,356","0,425","0,203","0,188","0,530","0,525",,,,,
1,2,female,41,0,1,"19,5",S,0,1,0,0,1,"0,5125","1,312",1,,"0,254","0,118","0,357","0,128","0,958","0,312","0,765","0,431",,,,,
0,1,male,37,0,1,"29,7",C,1,0,1,1,0,"0,4625","1,487",1,,"0,936","0,636","0,083","0,628","0,012","0,349","0,204","0,567",,,,,
1,3,female,,0,0,7.75,Q,,,,,,,,,,,,,,,,,,,,,,
1,1,female,63,1,0,"77,9583",S,0,1,0,1,0,"0,7875","1,897",1,,"0,346","0,713","0,068","0,706","0,965","0,135","0,245","0,559",,,,,
0,3,female,45,0,0,"7,75",S,0,1,0,0,0,"0,5625","0,942",1,,"0,224","0,915","0,695","0,120","0,045","0,289","0,216","0,014",,,,,
0,2,male,,0,0,0,S,,,,,,,,,,,,,,,,,,,,,,
0,3,male,7,4,1,29125,Q,1,0,0,0,0,"0,0875","4,464",1,,"0,844","0,765","0,702","0,723","0,243","0,991","0,267","0,184",,,,,
1,3,female,35,1,1,"20,25",S,0,1,0,0,0,"0,4375","1,327",1,,"0,663","0,154","0,255","0,482","0,284","0,795","0,944","0,837",,,,,
0,3,male,65,0,0,"7,75",Q,1,0,0,0,0,"0,8125","0,942",1,,"0,896","0,635","0,934","0,051","0,860","0,278","0,849","0,712",,,,,
0,3,male,28,0,0,"7,8542",S,1,1,0,0,0,"0,35","0,947",1,,"0,517","0,900","0,320","0,262","0,835","0,655","0,566","0,834",,,,,
0,3,male,16,0,0,"9,5",S,1,1,0,0,0,"0,2","1,021",1,,"0,867","0,937","0,075","0,026","0,668","0,941","0,560","0,723",,,,,
1,3,male,19,0,0,"8,05",S,1,1,0,0,0,"0,2375","0,957",1,,"0,451","0,155","0,440","0,909","0,417","0,337","0,931","0,464",,,,,
0,1,male,,0,0,26,S,,,,,,,,,,,,,,,,,,,,,,
0,3,male,33,0,0,"8,6625",C,1,0,1,0,0,"0,4125","0,985",1,,"0,857","0,134","0,720","0,249","0,554","0,374","0,840","0,847",,,,,
1,3,male,30,0,0,"9,5",S,1,1,0,0,0,"0,375","1,021",1,,"0,984","0,104","0,931","0,704","0,971","0,270","0,436","0,733",,,,,
0,3,male,22,0,0,"7,8958",S,1,1,0,0,0,"0,275","0,949",1,,"0,731","0,267","0,213","0,953","0,792","0,582","0,537","0,480",,,,,
1,2,male,42,0,0,13,S,1,1,0,0,1,"0,525","1,146",1,,"0,892","0,031","0,288","0,768","0,533","0,294","0,720","0,918",,,,,
1,3,female,22,0,0,"7,75",Q,0,0,0,0,0,"0,275","0,942",1,,"0,285","0,057","0,091","0,743","0,845","0,393","0,775","0,822",,,,,
1,1,female,26,0,0,"78,85",S,0,1,0,1,0,"0,325","1,902",1,,"0,853","0,509","0,005","0,637","0,322","0,745","0,255","0,733",,,,,
1,1,female,19,1,0,"91,0792",C,0,0,1,1,0,"0,2375","1,964",1,,"0,097","0,160","0,810","0,223","0,983","0,321","0,907","0,569",,,,,
0,2,male,36,0,0,12875,C,1,0,1,0,1,"0,45","4,110",1,,"0,498","0,807","0,310","0,938","0,053","0,503","0,497","0,241",,,,,
0,3,female,24,0,0,"8,85",S,0,1,0,0,0,"0,3","0,993",1,,"0,991","0,704","0,830","0,379","0,859","0,349","0,540","0,219",,,,,
0,3,male,24,0,0,"7,8958",S,1,1,0,0,0,"0,3","0,949",1,,"0,155","0,012","0,764","0,636","0,908","0,447","0,478","0,560",,,,,
0,1,male,,0,0,27.7208,C,,,,,,,,,,,,,,,,,,,,,,
0,3,male,"23,5",0,0,"7,2292",C,1,0,1,0,0,"0,29375","0,915",1,,"0,129","0,186","0,142","0,198","0,361","0,304","0,340","0,179",,,,,
0,1,female,2,1,2,"151,55",S,0,1,0,1,0,"0,025","2,183",1,,"0,313","0,524","0,022","0,306","0,007","0,082","0,804","0,698",,,,,
1,1,male,,0,0,30.5,S,,,,,,,,,,,,,,,,,,,,,,
1,1,female,50,0,1,"247,5208",C,0,0,1,1,0,"0,625","2,395",1,,"0,115","0,815","0,460","0,524","0,389","0,171","0,739","0,922",,,,,
1,3,female,,0,0,7.75,Q,,,,,,,,,,,,,,,,,,,,,,
1,3,male,,2,0,23.25,Q,,,,,,,,,,,,,,,,,,,,,,
0,3,male,19,0,0,0,S,1,1,0,0,0,"0,2375","0,000",1,,"0,443","0,028","0,398","0,403","0,612","0,419","0,402","0,892",,,,,
1,2,female,,0,0,12.35,Q,,,,,,,,,,,,,,,,,,,,,,
0,3,male,,0,0,8.05,S,,,,,,,,,,,,,,,,,,,,,,
1,1,male,"0,92",1,2,"151,55",S,1,1,0,1,0,"0,0115","2,183",1,,"0,529","0,390","0,482","0,289","0,398","0,960","0,876","0,313",,,,,
1,1,female,,0,0,110.8833,C,,,,,,,,,,,,,,,,,,,,,,
1,1,female,17,1,0,"108,9",C,0,0,1,1,0,"0,2125","2,041",1,,"0,641","0,841","0,899","0,069","0,303","0,301","0,356","0,753",,,,,
0,2,male,30,1,0,24,C,1,0,1,0,1,"0,375","1,398",1,,"0,246","0,963","0,613","0,026","0,053","0,696","0,136","0,070",,,,,
1,1,female,30,0,0,"56,9292",C,0,0,1,1,0,"0,375","1,763",1,,"0,777","0,123","0,706","0,517","0,195","0,905","0,729","0,309",,,,,
1,1,female,24,0,0,"83,1583",C,0,0,1,1,0,"0,3","1,925",1,,"0,016","0,659","0,353","0,898","0,982","0,729","0,125","0,604",,,,,
1,1,female,18,2,2,262375,C,0,0,1,1,0,"0,225","5,419",1,,"0,061","0,929","0,746","0,713","0,935","0,111","0,901","0,729",,,,,
0,2,female,26,1,1,26,S,0,1,0,0,1,"0,325","1,431",1,,"0,329","0,579","0,368","0,003","0,308","0,249","0,367","0,249",,,,,
0,3,male,28,0,0,"7,8958",S,1,1,0,0,0,"0,35","0,949",1,,"0,517","0,568","0,357","0,693","0,379","0,804","0,142","0,498",,,,,
0,2,male,43,1,1,"26,25",S,1,1,0,0,1,"0,5375","1,435",1,,"0,160","0,670","0,420","0,378","0,959","0,629","0,871","0,728",,,,,
1,3,female,26,0,0,"7,8542",S,0,1,0,0,0,"0,325","0,947",1,,"0,750","0,717","0,905","0,761","0,484","0,236","0,488","0,021",,,,,
1,2,female,24,1,0,26,S,0,1,0,0,1,"0,3","1,431",1,,"0,059","0,367","0,599","0,644","0,952","0,167","0,111","0,526",,,,,
0,2,male,54,0,0,14,S,1,1,0,0,1,"0,675","1,176",1,,"0,489","0,134","0,077","0,342","0,191","0,883","0,523","0,330",,,,,
1,1,female,31,0,2,"164,8667",S,0,1,0,1,0,"0,3875","2,220",1,,"0,005","0,355","0,594","0,546","0,698","0,986","0,723","0,913",,,,,
1,1,female,40,1,1,"134,5",C,0,0,1,1,0,"0,5","2,132",1,,"0,108","0,855","0,086","0,390","0,817","0,835","0,857","0,599",,,,,
0,3,male,22,0,0,"7,25",S,1,1,0,0,0,"0,275","0,916",1,,"0,140","0,493","0,156","0,885","0,916","0,603","0,979","0,287",,,,,
0,3,male,27,0,0,"7,8958",S,1,1,0,0,0,"0,3375","0,949",1,,"0,052","0,978","0,361","0,858","0,179","0,526","0,817","0,456",,,,,
1,2,female,30,0,0,"12,35",Q,0,0,0,0,1,"0,375","1,125",1,,"0,064","0,569","0,978","0,680","0,158","0,403","0,677","0,395",,,,,
1,2,female,22,1,1,29,S,0,1,0,0,1,"0,275","1,477",1,,"0,564","0,353","0,603","0,359","0,376","0,123","0,019","0,983",,,,,
0,3,male,,8,2,69.55,S,,,,,,,,,,,,,,,,,,,,,,
1,1,female,36,0,0,"135,6333",C,0,0,1,1,0,"0,45","2,136",1,,"0,890","0,429","0,991","0,500","0,981","0,683","0,896","0,685",,,,,
0,3,male,61,0,0,"6,2375",S,1,1,0,0,0,"0,7625","0,860",1,,"0,629","0,753","0,011","0,738","0,758","0,844","0,127","0,807",,,,,
1,2,female,36,0,0,13,S,0,1,0,0,1,"0,45","1,146",1,,"0,193","0,616","0,756","0,983","0,013","0,790","0,307","0,446",,,,,
1,3,female,31,1,1,20525,S,0,1,0,0,0,"0,3875","4,312",1,,"0,667","0,052","0,670","0,602","0,162","0,346","0,745","0,548",,,,,
1,1,female,16,0,1,"57,9792",C,0,0,1,1,0,"0,2","1,771",1,,"0,210","0,019","0,741","0,893","0,887","0,931","0,769","0,411",,,,,
1,3,female,,2,0,23.25,Q,,,,,,,,,,,,,,,,,,,,,,
0,1,male,"45,5",0,0,"28,5",S,1,1,0,1,0,"0,56875","1,470",1,,"0,153","0,945","0,910","0,533","0,592","0,055","0,461","0,035",,,,,
0,1,male,38,0,1,"153,4625",S,1,1,0,1,0,"0,475","2,189",1,,"0,329","0,979","0,184","0,970","0,888","0,002","0,667","0,400",,,,,
0,3,male,16,2,0,18,S,1,1,0,0,0,"0,2","1,279",1,,"0,012","0,208","0,109","0,287","0,661","0,136","0,035","0,017",,,,,
1,1,female,,1,0,133.65,S,,,,,,,,,,,,,,,,,,,,,,
0,3,male,,0,0,7.8958,S,,,,,,,,,,,,,,,,,,,,,,
0,1,male,29,1,0,"66,6",S,1,1,0,1,0,"0,3625","1,830",1,,"0,227","0,687","0,838","0,125","0,425","0,080","0,620","0,159",,,,,
1,1,female,41,0,0,"134,5",C,0,0,1,1,0,"0,5125","2,132",1,,"0,811","0,230","0,729","0,345","0,365","0,685","0,896","0,413",,,,,
1,3,male,45,0,0,"8,05",S,1,1,0,0,0,"0,5625","0,957",1,,"0,473","0,056","0,949","0,792","0,776","0,768","0,708","0,976",,,,,
0,1,male,45,0,0,"35,5",S,1,1,0,1,0,"0,5625","1,562",1,,"0,853","0,184","0,259","0,436","0,950","0,592","0,000","0,206",,,,,
1,2,male,2,1,1,26,S,1,1,0,0,1,"0,025","1,431",1,,"0,892","0,493","0,896","0,912","0,894","0,943","0,758","0,894",,,,,
1,1,female,24,3,2,263,S,0,1,0,1,0,"0,3","2,422",1,,"0,889","0,367","0,048","0,707","0,821","0,181","0,481","0,104",,,,,
0,2,male,28,0,0,13,S,1,1,0,0,1,"0,35","1,146",1,,"0,136","0,558","0,129","0,916","0,246","0,822","0,473","0,521",,,,,
0,2,male,25,0,0,13,S,1,1,0,0,1,"0,3125","1,146",1,,"0,301","0,046","0,141","0,357","0,897","0,431","0,762","0,055",,,,,
0,2,male,36,0,0,13,S,1,1,0,0,1,"0,45","1,146",1,,"0,260","0,910","0,951","0,471","0,708","0,961","0,144","0,179",,,,,
1,2,female,24,0,0,13,S,0,1,0,0,1,"0,3","1,146",1,,"0,144","0,497","0,862","0,167","0,295","0,379","0,328","0,681",,,,,
1,2,female,40,0,0,13,S,0,1,0,0,1,"0,5","1,146",1,,"0,262","0,135","0,047","0,720","0,992","0,388","0,813","0,234",,,,,
1,3,female,,1,0,16.1,S,,,,,,,,,,,,,,,,,,,,,,
1,3,male,3,1,1,"15,9",S,1,1,0,0,0,"0,0375","1,228",1,,"0,366","0,324","0,252","0,289","0,643","0,407","0,990","0,325",,,,,
0,3,male,42,0,0,"8,6625",S,1,1,0,0,0,"0,525","0,985",1,,"0,453","0,740","0,623","0,032","0,438","0,244","0,730","0,576",,,,,
0,3,male,23,0,0,9225,S,1,1,0,0,0,"0,2875","3,965",1,,"0,317","0,331","0,761","0,937","0,820","0,456","0,348","0,062",,,,,
0,1,male,,0,0,35,S,,,,,,,,,,,,,,,,,,,,,,
0,3,male,15,1,1,"7,2292",C,1,0,1,0,0,"0,1875","0,915",1,,"0,457","0,879","0,711","0,595","0,631","0,217","0,765","0,696",,,,,
0,3,male,25,1,0,"17,8",S,1,1,0,0,0,"0,3125","1,274",1,,"0,638","0,152","0,577","0,213","0,279","0,520","0,235","0,452",,,,,
0,3,male,,0,0,7225,C,,,,,,,,,,,,,,,,,,,,,,
0,3,male,28,0,0,"9,5",S,1,1,0,0,0,"0,35","1,021",1,,"0,590","0,977","0,208","0,577","0,339","0,310","0,315","0,402",,,,,
1,1,female,22,0,1,55,S,0,1,0,1,0,"0,275","1,748",1,,"0,937","0,322","0,266","0,400","0,897","0,213","0,137","0,197",,,,,
0,2,female,38,0,0,13,S,0,1,0,0,1,"0,475","1,146",1,,"0,183","0,601","0,401","0,368","0,594","0,117","0,891","0,941",,,,,
1,3,female,,0,0,7.8792,Q,,,,,,,,,,,,,,,,,,,,,,
1,3,female,,0,0,7.8792,Q,,,,,,,,,,,,,,,,,,,,,,
0,3,male,40,1,4,"27,9",S,1,1,0,0,0,"0,5","1,461",1,,"0,685","0,188","0,694","0,701","0,819","0,926","0,396","0,339",,,,,
0,2,male,29,1,0,"27,7208",C,1,0,1,0,1,"0,3625","1,458",1,,"0,375","0,832","0,624","0,797","0,097","0,904","0,206","0,395",,,,,
0,3,female,45,0,1,"14,4542",C,0,0,1,0,0,"0,5625","1,189",1,,"0,632","0,737","0,930","0,196","0,669","0,012","0,512","0,788",,,,,
0,3,male,35,0,0,"7,05",S,1,1,0,0,0,"0,4375","0,906",1,,"0,153","0,688","0,078","0,728","0,319","0,453","0,062","0,055",,,,,
0,3,male,,1,0,15.5,Q,,,,,,,,,,,,,,,,,,,,,,
0,3,male,30,0,0,"7,25",S,1,1,0,0,0,"0,375","0,916",1,,"0,611","0,738","0,365","0,276","0,685","0,712","0,727","0,886",,,,,
1,1,female,60,1,0,"75,25",C,0,0,1,1,0,"0,75","1,882",1,,"0,772","0,103","0,081","0,862","0,494","0,860","0,500","0,470",,,,,
1,3,female,,0,0,7.2292,C,,,,,,,,,,,,,,,,,,,,,,
1,3,female,,0,0,7.75,Q,,,,,,,,,,,,,,,,,,,,,,
1,1,female,24,0,0,"69,3",C,0,0,1,1,0,"0,3","1,847",1,,"0,195","0,689","0,268","0,414","0,756","0,670","0,447","0,154",,,,,
1,1,male,25,1,0,"55,4417",C,1,0,1,1,0,"0,3125","1,752",1,,"0,678","0,088","0,274","0,592","0,346","0,458","0,762","0,452",,,,,
0,3,male,18,1,0,"6,4958",S,1,1,0,0,0,"0,225","0,875",1,,"0,443","0,278","0,919","0,538","0,135","0,778","0,743","0,492",,,,,
0,3,male,19,0,0,"8,05",S,1,1,0,0,0,"0,2375","0,957",1,,"0,288","0,659","0,196","0,034","0,946","0,176","0,080","0,983",,,,,
0,1,male,22,0,0,"135,6333",C,1,0,1,1,0,"0,275","2,136",1,,"0,100","0,023","0,701","0,860","0,398","0,577","0,533","0,942",,,,,
0,3,female,3,3,1,21075,S,0,1,0,0,0,"0,0375","4,324",1,,"0,610","0,087","0,771","0,199","0,369","0,051","0,383","0,767",,,,,
1,1,female,,1,0,82.1708,C,,,,,,,,,,,,,,,,,,,,,,
1,3,female,22,0,0,"7,25",S,0,1,0,0,0,"0,275","0,916",1,,"0,866","0,857","0,181","0,422","0,920","0,256","0,112","0,746",,,,,
0,1,male,27,0,2,"211,5",C,1,0,1,1,0,"0,3375","2,327",1,,"0,864","0,857","0,039","0,614","0,129","0,089","0,519","0,365",,,,,
0,3,male,20,0,0,"4,0125",C,1,0,1,0,0,"0,25","0,700",1,,"0,433","0,171","0,031","0,080","0,396","0,751","0,782","0,415",,,,,
0,3,male,19,0,0,7775,S,1,1,0,0,0,"0,2375","3,891",1,,"0,729","0,081","0,923","0,838","0,830","0,434","0,776","0,858",,,,,
1,1,female,42,0,0,227525,C,0,0,1,1,0,"0,525","5,357",1,,"0,760","0,204","0,782","0,833","0,715","0,054","0,394","0,611",,,,,
1,3,female,1,0,2,"15,7417",C,0,0,1,0,0,"0,0125","1,224",1,,"0,337","0,386","0,908","0,727","0,838","0,234","0,374","0,427",,,,,
0,3,male,32,0,0,7925,S,1,1,0,0,0,"0,4","3,899",1,,"0,801","0,121","0,290","0,694","0,709","0,837","0,687","0,537",,,,,
1,1,female,35,1,0,52,S,0,1,0,1,0,"0,4375","1,724",1,,"0,932","0,241","0,628","0,364","0,965","0,988","0,972","0,634",,,,,
0,3,male,,0,0,7.8958,S,,,,,,,,,,,,,,,,,,,,,,
0,2,male,18,0,0,"73,5",S,1,1,0,0,1,"0,225","1,872",1,,"0,472","0,172","0,435","0,547","0,981","0,588","0,307","0,462",,,,,
0,3,male,1,5,2,"46,9",S,1,1,0,0,0,"0,0125","1,680",1,,"0,029","0,994","0,703","0,769","0,564","0,454","0,499","0,333",,,,,
1,2,female,36,0,0,13,S,0,1,0,0,1,"0,45","1,146",1,,"0,200","0,551","0,159","0,732","0,286","0,054","0,184","0,849",,,,,
0,3,male,,0,0,7.7292,Q,,,,,,,,,,,,,,,,,,,,,,
1,2,female,17,0,0,12,C,0,0,1,0,1,"0,2125","1,114",1,,"0,673","0,762","0,278","0,936","0,223","0,177","0,660","0,817",,,,,
1,1,male,36,1,2,120,S,1,1,0,1,0,"0,45","2,083",1,,"0,955","0,423","0,153","0,086","0,337","0,259","0,941","0,722",,,,,
1,3,male,21,0,0,"7,7958",S,1,1,0,0,0,"0,2625","0,944",1,,"0,878","0,109","0,723","0,244","0,737","0,147","0,399","0,419",,,,,
0,3,male,28,2,0,7925,S,1,1,0,0,0,"0,35","3,899",1,,"0,520","0,366","0,811","0,288","0,441","0,653","0,183","0,147",,,,,
1,1,female,23,1,0,113275,C,0,0,1,1,0,"0,2875","5,054",1,,"0,396","0,420","0,407","0,940","0,620","0,798","0,803","0,858",,,,,
1,3,female,24,0,2,"16,7",S,0,1,0,0,0,"0,3","1,248",1,,"0,246","0,324","0,320","0,092","0,932","0,600","0,195","0,833",,,,,
0,3,male,22,0,0,"7,7958",S,1,1,0,0,0,"0,275","0,944",1,,"0,176","0,179","0,377","0,169","0,905","0,625","0,957","0,822",,,,,
0,3,female,31,0,0,"7,8542",S,0,1,0,0,0,"0,3875","0,947",1,,"0,788","0,556","0,543","0,864","0,757","0,162","0,566","0,947",,,,,
0,2,male,46,0,0,26,S,1,1,0,0,1,"0,575","1,431",1,,"0,248","0,103","0,620","0,081","0,475","0,375","0,183","0,197",,,,,
0,2,male,23,0,0,"10,5",S,1,1,0,0,1,"0,2875","1,061",1,,"0,988","0,802","0,427","0,052","0,617","0,878","0,321","0,854",,,,,
1,2,female,28,0,0,"12,65",S,0,1,0,0,1,"0,35","1,135",1,,"0,924","0,222","0,233","0,600","0,597","0,867","0,315","0,799",,,,,
1,3,male,39,0,0,7925,S,1,1,0,0,0,"0,4875","3,899",1,,"0,855","0,372","0,150","0,936","0,908","0,245","0,245","0,171",,,,,
0,3,male,26,0,0,"8,05",S,1,1,0,0,0,"0,325","0,957",1,,"0,838","0,388","0,363","0,219","0,192","0,649","0,640","0,451",,,,,
0,3,female,21,1,0,9825,S,0,1,0,0,0,"0,2625","3,992",1,,"0,392","0,348","0,877","0,956","0,237","0,906","0,268","0,025",,,,,
0,3,male,28,1,0,"15,85",S,1,1,0,0,0,"0,35","1,227",1,,"0,728","0,105","0,175","0,587","0,448","0,631","0,983","0,920",,,,,
0,3,female,20,0,0,"8,6625",S,0,1,0,0,0,"0,25","0,985",1,,"0,911","0,294","0,046","0,922","0,940","0,252","0,065","0,981",,,,,
0,2,male,34,1,0,21,S,1,1,0,0,1,"0,425","1,342",1,,"0,907","0,110","0,186","0,693","0,146","0,073","0,823","0,676",,,,,
0,3,male,51,0,0,"7,75",S,1,1,0,0,0,"0,6375","0,942",1,,"0,340","0,693","0,787","0,917","0,418","0,328","0,215","0,506",,,,,
1,2,male,3,1,1,"18,75",S,1,1,0,0,1,"0,0375","1,296",1,,"0,525","0,688","0,865","0,978","0,786","0,278","0,224","0,893",,,,,
0,3,male,21,0,0,7775,S,1,1,0,0,0,"0,2625","3,891",1,,"0,881","0,333","0,440","0,122","0,382","0,314","0,097","0,129",,,,,
0,3,female,,3,1,25.4667,S,,,,,,,,,,,,,,,,,,,,,,
0,3,male,,0,0,7.8958,S,,,,,,,,,,,,,,,,,,,,,,
0,3,male,,0,0,6.8583,Q,,,,,,,,,,,,,,,,,,,,,,
1,1,female,33,1,0,90,Q,0,0,0,1,0,"0,4125","1,959",1,,"0,541","0,388","0,793","0,721","0,367","0,278","0,829","0,171",,,,,
0,2,male,,0,0,0,S,,,,,,,,,,,,,,,,,,,,,,
1,3,male,44,0,0,7925,S,1,1,0,0,0,"0,55","3,899",1,,"0,171","0,710","0,996","0,900","0,052","0,799","0,906","0,465",,,,,
0,3,female,,0,0,8.05,S,,,,,,,,,,,,,,,,,,,,,,
1,2,female,34,1,1,"32,5",S,0,1,0,0,1,"0,425","1,525",1,,"0,460","0,694","0,934","0,633","0,490","0,366","0,719","0,942",,,,,
1,2,female,18,0,2,13,S,0,1,0,0,1,"0,225","1,146",1,,"0,615","0,437","0,167","0,039","0,229","0,222","0,639","0,736",,,,,
0,2,male,30,0,0,13,S,1,1,0,0,1,"0,375","1,146",1,,"0,760","0,743","0,737","0,755","0,091","0,425","0,045","0,678",,,,,
0,3,female,10,0,2,"24,15",S,0,1,0,0,0,"0,125","1,401",1,,"0,998","0,334","0,867","0,273","0,583","0,658","0,741","0,859",,,,,
0,3,male,,0,0,7.8958,C,,,,,,,,,,,,,,,,,,,,,,
0,3,male,21,0,0,"7,7333",Q,1,0,0,0,0,"0,2625","0,941",1,,"0,854","0,409","0,344","0,102","0,982","0,526","0,696","0,662",,,,,
0,3,male,29,0,0,7875,S,1,1,0,0,0,"0,3625","3,896",1,,"0,903","0,384","0,512","0,835","0,684","0,790","0,448","0,449",,,,,
0,3,female,28,1,1,"14,4",S,0,1,0,0,0,"0,35","1,188",1,,"0,133","0,905","0,434","0,897","0,528","0,933","0,246","0,325",,,,,
0,3,male,18,1,1,"20,2125",S,1,1,0,0,0,"0,225","1,327",1,,"0,344","0,086","0,800","0,491","0,784","0,003","0,131","0,168",,,,,
0,3,male,,0,0,7.25,S,,,,,,,,,,,,,,,,,,,,,,
1,2,female,28,1,0,26,S,0,1,0,0,1,"0,35","1,431",1,,"0,900","0,018","0,659","0,373","0,787","0,270","0,483","0,384",,,,,
1,2,female,19,0,0,26,S,0,1,0,0,1,"0,2375","1,431",1,,"0,469","0,609","0,717","0,825","0,547","0,391","0,745","0,071",,,,,
0,3,male,,0,0,7.75,Q,,,,,,,,,,,,,,,,,,,,,,
1,3,male,32,0,0,"8,05",S,1,1,0,0,0,"0,4","0,957",1,,"0,637","0,985","0,607","0,912","0,178","0,106","0,392","0,151",,,,,
1,1,male,28,0,0,"26,55",S,1,1,0,1,0,"0,35","1,440",1,,"0,614","0,096","0,359","0,300","0,253","0,564","0,075","0,578",,,,,
1,3,female,,1,0,16.1,S,,,,,,,,,,,,,,,,,,,,,,
1,2,female,42,1,0,26,S,0,1,0,0,1,"0,525","1,431",1,,"0,871","0,605","0,693","0,357","0,283","0,009","0,045","0,481",,,,,
0,3,male,17,0,0,7125,S,1,1,0,0,0,"0,2125","3,853",1,,"0,608","0,155","0,539","0,110","0,393","0,359","0,253","0,008",,,,,
0,1,male,50,1,0,"55,9",S,1,1,0,1,0,"0,625","1,755",1,,"0,576","0,962","0,770","0,684","0,066","0,729","0,051","0,262",,,,,
1,1,female,14,1,2,120,S,0,1,0,1,0,"0,175","2,083",1,,"0,990","0,009","0,153","0,595","0,788","0,071","0,407","0,464",,,,,
0,3,female,21,2,2,34375,S,0,1,0,0,0,"0,2625","4,536",1,,"0,618","0,604","0,697","0,351","0,389","0,679","0,525","0,222",,,,,
1,2,female,24,2,3,"18,75",S,0,1,0,0,1,"0,3","1,296",1,,"0,483","0,359","0,136","0,472","0,798","0,869","0,953","0,327",,,,,
0,1,male,64,1,4,263,S,1,1,0,1,0,"0,8","2,422",1,,"0,894","0,113","0,781","0,950","0,903","0,651","0,825","0,942",,,,,
0,2,male,31,0,0,"10,5",S,1,1,0,0,1,"0,3875","1,061",1,,"0,306","0,502","0,852","0,925","0,114","0,964","0,053","0,905",,,,,
1,2,female,45,1,1,"26,25",S,0,1,0,0,1,"0,5625","1,435",1,,"0,885","0,962","0,073","0,953","0,368","0,281","0,091","0,285",,,,,
0,3,male,20,0,0,"9,5",S,1,1,0,0,0,"0,25","1,021",1,,"0,305","0,756","0,557","0,271","0,266","0,956","0,543","0,443",,,,,
0,3,male,25,1,0,7775,S,1,1,0,0,0,"0,3125","3,891",1,,"0,898","0,720","0,014","0,150","0,909","0,073","0,805","0,059",,,,,
1,2,female,28,0,0,13,S,0,1,0,0,1,"0,35","1,146",1,,"0,077","0,759","0,739","0,478","0,340","0,075","0,690","0,926",,,,,
1,3,male,,0,0,8.1125,S,,,,,,,,,,,,,,,,,,,,,,
1,1,male,4,0,2,"81,8583",S,1,1,0,1,0,"0,05","1,918",1,,"0,786","0,297","0,391","0,747","0,908","0,304","0,944","0,103",,,,,
1,2,female,13,0,1,"19,5",S,0,1,0,0,1,"0,1625","1,312",1,,"0,482","0,082","0,298","0,916","0,703","0,490","0,087","0,111",,,,,
1,1,male,34,0,0,"26,55",S,1,1,0,1,0,"0,425","1,440",1,,"0,304","0,438","0,469","0,833","0,972","0,890","0,768","0,837",,,,,
1,3,female,5,2,1,"19,2583",C,0,0,1,0,0,"0,0625","1,307",1,,"0,072","0,166","0,546","0,356","0,641","0,526","0,618","0,301",,,,,
1,1,male,52,0,0,"30,5",S,1,1,0,1,0,"0,65","1,498",1,,"0,994","0,183","0,435","0,140","0,898","0,898","0,676","0,978",,,,,
0,2,male,36,1,2,"27,75",S,1,1,0,0,1,"0,45","1,459",1,,"0,030","0,169","0,150","0,563","0,497","0,599","0,784","0,718",,,,,
0,3,male,,1,0,19.9667,S,,,,,,,,,,,,,,,,,,,,,,
0,1,male,30,0,0,"27,75",C,1,0,1,1,0,"0,375","1,459",1,,"0,618","0,741","0,033","0,091","0,310","0,309","0,009","0,517",,,,,
1,1,male,49,1,0,"89,1042",C,1,0,1,1,0,"0,6125","1,955",1,,"0,399","0,735","0,171","0,689","0,090","0,814","0,077","0,814",,,,,
0,3,male,,0,0,8.05,S,,,,,,,,,,,,,,,,,,,,,,
1,3,male,29,0,0,"7,8958",C,1,0,1,0,0,"0,3625","0,949",1,,"0,190","0,364","0,979","0,646","0,907","0,163","0,048","0,954",,,,,
0,1,male,65,0,0,"26,55",S,1,1,0,1,0,"0,8125","1,440",1,,"0,827","0,402","0,381","0,705","0,883","0,692","0,966","0,364",,,,,
1,1,female,,1,0,51.8625,S,,,,,,,,,,,,,,,,,,,,,,
1,2,female,50,0,0,"10,5",S,0,1,0,0,1,"0,625","1,061",1,,"0,087","0,950","0,056","0,591","0,080","0,387","0,709","0,660",,,,,
0,3,male,,0,0,7.75,Q,,,,,,,,,,,,,,,,,,,,,,
1,1,male,48,0,0,"26,55",S,1,1,0,1,0,"0,6","1,440",1,,"0,535","0,194","0,137","0,480","0,281","0,307","0,418","0,610",,,,,
0,3,male,34,0,0,"8,05",S,1,1,0,0,0,"0,425","0,957",1,,"0,677","0,415","0,012","0,283","0,056","0,322","0,570","0,797",,,,,
0,1,male,47,0,0,"38,5",S,1,1,0,1,0,"0,5875","1,597",1,,"0,554","0,387","0,642","0,839","0,178","0,680","0,276","0,977",,,,,
0,2,male,48,0,0,13,S,1,1,0,0,1,"0,6","1,146",1,,"0,975","0,244","0,549","0,998","0,442","0,888","0,811","0,755",,,,,
0,3,male,,0,0,8.05,S,,,,,,,,,,,,,,,,,,,,,,
0,3,male,38,0,0,"7,05",S,1,1,0,0,0,"0,475","0,906",1,,"0,028","0,466","0,803","0,203","0,881","0,602","0,176","0,641",,,,,
0,2,male,,0,0,0,S,,,,,,,,,,,,,,,,,,,,,,
0,1,male,56,0,0,"26,55",S,1,1,0,1,0,"0,7","1,440",1,,"0,312","0,806","0,362","0,174","0,716","0,421","0,559","0,146",,,,,
0,3,male,,0,0,7725,Q,,,,,,,,,,,,,,,,,,,,,,
1,3,female,"0,75",2,1,"19,2583",C,0,0,1,0,0,"0,009375","1,307",1,,"0,728","0,485","0,306","0,746","0,154","0,917","0,578","0,083",,,,,
0,3,male,,0,0,7.25,S,,,,,,,,,,,,,,,,,,,,,,
0,3,male,38,0,0,"8,6625",S,1,1,0,0,0,"0,475","0,985",1,,"0,272","0,355","0,168","0,955","0,371","0,367","0,261","0,169",,,,,
1,2,female,33,1,2,"27,75",S,0,1,0,0,1,"0,4125","1,459",1,,"0,695","0,513","0,937","0,237","0,016","0,407","0,845","0,916",,,,,
1,2,female,23,0,0,"13,7917",C,0,0,1,0,1,"0,2875","1,170",1,,"0,271","0,078","0,338","0,028","0,615","0,182","0,561","0,650",,,,,
0,3,female,22,0,0,"9,8375",S,0,1,0,0,0,"0,275","1,035",1,,"0,060","0,687","0,942","0,395","0,143","0,287","0,061","0,410",,,,,
0,1,male,,0,0,52,S,,,,,,,,,,,,,,,,,,,,,,
0,2,male,34,1,0,21,S,1,1,0,0,1,"0,425","1,342",1,,"0,172","0,876","0,356","0,041","0,530","0,794","0,348","0,007",,,,,
0,3,male,29,1,0,"7,0458",S,1,1,0,0,0,"0,3625","0,906",1,,"0,550","0,896","0,651","0,492","0,557","0,256","0,954","0,462",,,,,
0,3,male,22,0,0,"7,5208",S,1,1,0,0,0,"0,275","0,930",1,,"0,541","0,355","0,792","0,362","0,705","0,291","0,698","0,084",,,,,
1,3,female,2,0,1,"12,2875",S,0,1,0,0,0,"0,025","1,123",1,,"0,154","0,483","0,701","0,048","0,189","0,861","0,329","0,723",,,,,
0,3,male,9,5,2,"46,9",S,1,1,0,0,0,"0,1125","1,680",1,,"0,277","0,502","0,948","0,590","0,414","0,094","0,413","0,978",,,,,
0,2,male,,0,0,0,S,,,,,,,,,,,,,,,,,,,,,,
0,3,male,50,0,0,"8,05",S,1,1,0,0,0,"0,625","0,957",1,,"0,745","0,917","0,725","0,978","0,924","0,992","0,251","0,602",,,,,
1,3,female,63,0,0,"9,5875",S,0,1,0,0,0,"0,7875","1,025",1,,"0,741","0,263","0,281","0,372","0,152","0,394","0,612","0,982",,,,,
1,1,male,25,1,0,"91,0792",C,1,0,1,1,0,"0,3125","1,964",1,,"0,823","0,009","0,963","0,073","0,559","0,780","0,646","0,767",,,,,
0,3,female,,3,1,25.4667,S,,,,,,,,,,,,,,,,,,,,,,
1,1,female,35,1,0,90,S,0,1,0,1,0,"0,4375","1,959",1,,"0,489","0,300","0,568","0,624","0,572","0,705","0,343","0,445",,,,,
0,1,male,58,0,0,"29,7",C,1,0,1,1,0,"0,725","1,487",1,,"0,496","0,303","0,912","0,040","0,680","0,732","0,790","0,716",,,,,
0,3,male,30,0,0,"8,05",S,1,1,0,0,0,"0,375","0,957",1,,"0,423","0,536","0,756","0,942","0,846","0,722","0,700","0,991",,,,,
1,3,male,9,1,1,"15,9",S,1,1,0,0,0,"0,1125","1,228",1,,"0,518","0,489","0,149","0,394","0,812","0,918","0,938","0,223",,,,,
0,3,male,,1,0,19.9667,S,,,,,,,,,,,,,,,,,,,,,,
0,3,male,21,0,0,"7,25",S,1,1,0,0,0,"0,2625","0,916",1,,"0,440","0,718","0,218","0,155","0,265","0,526","0,057","0,307",,,,,
0,1,male,55,0,0,"30,5",S,1,1,0,1,0,"0,6875","1,498",1,,"0,830","0,262","0,303","0,888","0,004","0,583","0,396","0,577",,,,,
0,1,male,71,0,0,"49,5042",C,1,0,1,1,0,"0,8875","1,703",1,,"0,527","0,330","0,186","0,724","0,423","0,744","0,215","0,238",,,,,
0,3,male,21,0,0,"8,05",S,1,1,0,0,0,"0,2625","0,957",1,,"0,291","0,563","0,644","0,369","0,907","0,577","0,417","0,504",,,,,
0,3,male,,0,0,14.4583,C,,,,,,,,,,,,,,,,,,,,,,
1,1,female,54,1,0,"78,2667",C,0,0,1,1,0,"0,675","1,899",1,,"0,532","0,657","0,319","0,879","0,764","0,740","0,232","0,053",,,,,
0,3,male,,0,0,15.1,S,,,,,,,,,,,,,,,,,,,,,,
0,1,female,25,1,2,"151,55",S,0,1,0,1,0,"0,3125","2,183",1,,"0,671","0,503","0,379","0,434","0,448","0,661","0,896","0,168",,,,,
0,3,male,24,0,0,"7,7958",S,1,1,0,0,0,"0,3","0,944",1,,"0,373","0,585","0,037","0,143","0,157","0,359","0,593","0,007",,,,,
0,3,male,17,0,0,"8,6625",S,1,1,0,0,0,"0,2125","0,985",1,,"0,305","0,593","0,410","0,013","0,074","0,487","0,247","0,625",,,,,
0,3,female,21,0,0,"7,75",Q,0,0,0,0,0,"0,2625","0,942",1,,"0,666","0,416","0,884","0,301","0,786","0,133","0,897","0,712",,,,,
0,3,female,,0,0,7.6292,Q,,,,,,,,,,,,,,,,,,,,,,
0,3,female,37,0,0,"9,5875",S,0,1,0,0,0,"0,4625","1,025",1,,"0,000","0,453","0,911","0,632","0,648","0,453","0,610","0,731",,,,,
1,1,female,16,0,0,"86,5",S,0,1,0,1,0,"0,2","1,942",1,,"0,087","0,824","0,980","0,107","0,032","0,626","0,109","0,675",,,,,
0,1,male,18,1,0,"108,9",C,1,0,1,1,0,"0,225","2,041",1,,"0,391","0,707","0,845","0,177","0,836","0,417","0,702","0,157",,,,,
1,2,female,33,0,2,26,S,0,1,0,0,1,"0,4125","1,431",1,,"0,535","0,811","0,824","0,961","0,839","0,167","0,282","0,826",,,,,
1,1,male,,0,0,26.55,S,,,,,,,,,,,,,,,,,,,,,,
0,3,male,28,0,0,22525,S,1,1,0,0,0,"0,35","4,353",1,,"0,674","0,236","0,044","0,608","0,057","0,222","0,439","0,028",,,,,
1,3,male,26,0,0,"56,4958",S,1,1,0,0,0,"0,325","1,760",1,,"0,915","0,613","0,377","0,179","0,176","0,287","0,695","0,851",,,,,
1,3,male,29,0,0,"7,75",Q,1,0,0,0,0,"0,3625","0,942",1,,"0,123","0,069","0,523","0,413","0,594","0,399","0,406","0,986",,,,,
0,3,male,,0,0,8.05,S,,,,,,,,,,,,,,,,,,,,,,
1,1,male,36,0,0,"26,2875",S,1,1,0,1,0,"0,45","1,436",1,,"0,957","0,208","0,562","0,323","0,795","0,437","0,079","0,084",,,,,
1,1,female,54,1,0,"59,4",C,0,0,1,1,0,"0,675","1,781",1,,"0,420","0,987","0,109","0,336","0,632","0,785","0,716","0,787",,,,,
0,3,male,24,0,0,"7,4958",S,1,1,0,0,0,"0,3","0,929",1,,"0,924","0,219","0,086","0,846","0,240","0,059","0,379","0,618",,,,,
0,1,male,47,0,0,"34,0208",S,1,1,0,1,0,"0,5875","1,544",1,,"0,795","0,222","0,293","0,377","0,667","0,081","0,845","0,399",,,,,
1,2,female,34,0,0,"10,5",S,0,1,0,0,1,"0,425","1,061",1,,"0,457","0,593","0,970","0,262","0,517","0,488","0,674","0,161",,,,,
0,3,male,,0,0,24.15,Q,,,,,,,,,,,,,,,,,,,,,,
1,2,female,36,1,0,26,S,0,1,0,0,1,"0,45","1,431",1,,"0,796","0,656","0,969","0,024","0,817","0,476","0,059","0,765",,,,,
0,3,male,32,0,0,"7,8958",S,1,1,0,0,0,"0,4","0,949",1,,"0,410","0,082","0,465","0,769","0,180","0,094","0,705","0,883",,,,,
1,1,female,30,0,0,"93,5",S,0,1,0,1,0,"0,375","1,975",1,,"0,130","0,368","0,061","0,091","0,461","0,245","0,820","0,641",,,,,
0,3,male,22,0,0,"7,8958",S,1,1,0,0,0,"0,275","0,949",1,,"0,414","0,798","0,529","0,129","0,863","0,930","0,729","0,463",,,,,
0,3,male,,0,0,7225,C,,,,,,,,,,,,,,,,,,,,,,
1,1,female,44,0,1,"57,9792",C,0,0,1,1,0,"0,55","1,771",1,,"0,996","0,377","0,538","0,256","0,077","0,079","0,846","0,517",,,,,
0,3,male,,0,0,7.2292,C,,,,,,,,,,,,,,,,,,,,,,
0,3,male,"40,5",0,0,"7,75",Q,1,0,0,0,0,"0,50625","0,942",1,,"0,271","0,759","0,646","0,321","0,445","0,537","0,019","0,926",,,,,
1,2,female,50,0,0,"10,5",S,0,1,0,0,1,"0,625","1,061",1,,"0,198","0,744","0,930","0,507","0,008","0,110","0,040","0,807",,,,,
0,1,male,,0,0,221.7792,S,,,,,,,,,,,,,,,,,,,,,,
0,3,male,39,0,0,7925,S,1,1,0,0,0,"0,4875","3,899",1,,"0,042","0,898","0,978","0,591","0,380","0,510","0,105","0,842",,,,,
0,2,male,23,2,1,"11,5",S,1,1,0,0,1,"0,2875","1,097",1,,"0,585","0,893","0,974","0,251","0,938","0,853","0,799","0,910",,,,,
1,2,female,2,1,1,26,S,0,1,0,0,1,"0,025","1,431",1,,"0,493","0,258","0,536","0,977","0,966","0,357","0,364","0,610",,,,,
0,3,male,,0,0,7.2292,C,,,,,,,,,,,,,,,,,,,,,,
0,3,male,17,1,1,"7,2292",C,1,0,1,0,0,"0,2125","0,915",1,,"0,602","0,408","0,070","0,908","0,412","0,006","0,748","0,363",,,,,
1,3,female,,0,2,22.3583,C,,,,,,,,,,,,,,,,,,,,,,
0,3,female,30,0,0,"8,6625",S,0,1,0,0,0,"0,375","0,985",1,,"0,198","0,544","0,424","0,304","0,840","0,073","0,726","0,372",,,,,
1,2,female,7,0,2,"26,25",S,0,1,0,0,1,"0,0875","1,435",1,,"0,581","0,817","0,812","0,249","0,517","0,181","0,851","0,075",,,,,
0,1,male,45,0,0,"26,55",S,1,1,0,1,0,"0,5625","1,440",1,,"0,929","0,094","0,139","0,524","0,637","0,889","0,766","0,037",,,,,
1,1,female,30,0,0,106425,C,0,0,1,1,0,"0,375","5,027",1,,"0,816","0,122","0,572","0,367","0,124","0,232","0,360","0,161",,,,,
0,3,male,,0,0,14.5,S,,,,,,,,,,,,,,,,,,,,,,
1,1,female,22,0,2,"49,5",C,0,0,1,1,0,"0,275","1,703",1,,"0,237","0,722","0,309","0,360","0,745","0,411","0,331","0,786",,,,,
1,1,female,36,0,2,71,S,0,1,0,1,0,"0,45","1,857",1,,"0,316","0,594","0,510","0,404","0,476","0,483","0,012","0,213",,,,,
0,3,female,9,4,2,31275,S,0,1,0,0,0,"0,1125","4,495",1,,"0,528","0,455","0,961","0,650","0,502","0,413","0,765","0,428",,,,,
0,3,female,11,4,2,31275,S,0,1,0,0,0,"0,1375","4,495",1,,"0,327","0,855","0,283","0,174","0,059","0,295","0,611","0,492",,,,,
1,2,male,32,1,0,26,S,1,1,0,0,1,"0,4","1,431",1,,"0,961","0,664","0,198","0,301","0,723","0,104","0,545","0,989",,,,,
0,1,male,50,1,0,106425,C,1,0,1,1,0,"0,625","5,027",1,,"0,567","0,222","0,408","0,747","0,091","0,785","0,280","0,523",,,,,
0,1,male,64,0,0,26,S,1,1,0,1,0,"0,8","1,431",1,,"0,988","0,737","0,544","0,342","0,832","0,143","0,871","0,679",,,,,
1,2,female,19,1,0,26,S,0,1,0,0,1,"0,2375","1,431",1,,"0,041","0,387","0,208","0,662","0,541","0,050","0,163","0,214",,,,,
1,2,male,,0,0,13.8625,C,,,,,,,,,,,,,,,,,,,,,,
0,3,male,33,1,1,20525,S,1,1,0,0,0,"0,4125","4,312",1,,"0,668","0,355","0,881","0,807","0,034","0,048","0,986","0,822",,,,,
1,2,male,8,1,1,"36,75",S,1,1,0,0,1,"0,1","1,577",1,,"0,510","0,885","0,608","0,575","0,140","0,655","0,839","0,047",,,,,
1,1,male,17,0,2,"110,8833",C,1,0,1,1,0,"0,2125","2,049",1,,"0,330","0,836","0,263","0,157","0,973","0,176","0,569","0,524",,,,,
0,2,male,27,0,0,26,S,1,1,0,0,1,"0,3375","1,431",1,,"0,620","0,179","0,346","0,598","0,990","0,876","0,230","0,164",,,,,
0,3,male,,0,0,7.8292,Q,,,,,,,,,,,,,,,,,,,,,,
1,3,male,22,0,0,7225,C,1,0,1,0,0,"0,275","3,859",1,,"0,296","0,959","0,763","0,868","0,961","0,930","0,267","0,937",,,,,
1,3,female,22,0,0,7775,S,0,1,0,0,0,"0,275","3,891",1,,"0,414","0,552","0,407","0,752","0,170","0,036","0,005","0,654",,,,,
0,1,male,62,0,0,"26,55",S,1,1,0,1,0,"0,775","1,440",1,,"0,699","0,217","0,159","0,647","0,131","0,429","0,670","0,077",,,,,
1,1,female,48,1,0,"39,6",C,0,0,1,1,0,"0,6","1,609",1,,"0,022","0,715","0,727","0,378","0,899","0,766","0,543","0,286",,,,,
0,1,male,,0,0,227525,C,,,,,,,,,,,,,,,,,,,,,,
1,1,female,39,1,1,"79,65",S,0,1,0,1,0,"0,4875","1,907",1,,"0,210","0,387","0,422","0,211","0,408","0,784","0,375","0,905",,,,,
1,3,female,36,1,0,"17,4",S,0,1,0,0,0,"0,45","1,265",1,,"0,207","0,976","0,516","0,930","0,397","0,963","0,893","0,725",,,,,
0,3,male,,0,0,7.75,Q,,,,,,,,,,,,,,,,,,,,,,
0,3,male,40,0,0,"7,8958",S,1,1,0,0,0,"0,5","0,949",1,,"0,965","0,661","0,096","0,631","0,556","0,162","0,651","0,023",,,,,
0,2,male,28,0,0,"13,5",S,1,1,0,0,1,"0,35","1,161",1,,"0,373","0,830","0,422","0,309","0,136","0,435","0,711","0,571",,,,,
0,3,male,,0,0,8.05,S,,,,,,,,,,,,,,,,,,,,,,
0,3,female,,0,0,8.05,S,,,,,,,,,,,,,,,,,,,,,,
0,3,male,24,2,0,"24,15",S,1,1,0,0,0,"0,3","1,401",1,,"0,815","0,877","0,986","0,788","0,168","0,193","0,179","0,281",,,,,
0,3,male,19,0,0,"7,8958",S,1,1,0,0,0,"0,2375","0,949",1,,"0,243","0,542","0,079","0,044","0,429","0,342","0,438","0,346",,,,,
0,3,female,29,0,4,21075,S,0,1,0,0,0,"0,3625","4,324",1,,"0,547","0,522","0,927","0,689","0,010","0,644","0,051","0,702",,,,,
0,3,male,,0,0,7.2292,C,,,,,,,,,,,,,,,,,,,,,,
1,3,male,32,0,0,"7,8542",S,1,1,0,0,0,"0,4","0,947",1,,"0,432","0,753","0,557","0,984","0,263","0,649","0,463","0,513",,,,,
1,2,male,62,0,0,"10,5",S,1,1,0,0,1,"0,775","1,061",1,,"0,419","0,674","0,636","0,902","0,363","0,416","0,819","0,126",,,,,
1,1,female,53,2,0,"51,4792",S,0,1,0,1,0,"0,6625","1,720",1,,"0,120","0,870","0,988","0,929","0,748","0,142","0,462","0,003",,,,,
1,1,male,36,0,0,"26,3875",S,1,1,0,1,0,"0,45","1,438",1,,"0,533","0,822","0,597","0,077","0,336","0,690","0,066","0,517",,,,,
1,3,female,,0,0,7.75,Q,,,,,,,,,,,,,,,,,,,,,,
0,3,male,16,0,0,"8,05",S,1,1,0,0,0,"0,2","0,957",1,,"0,821","0,259","0,759","0,059","0,362","0,947","0,973","0,685",,,,,
0,3,male,19,0,0,"14,5",S,1,1,0,0,0,"0,2375","1,190",1,,"0,436","0,634","0,739","0,305","0,574","0,474","0,784","0,265",,,,,
1,2,female,34,0,0,13,S,0,1,0,0,1,"0,425","1,146",1,,"0,314","0,047","0,410","0,998","0,652","0,572","0,201","0,339",,,,,
1,1,female,39,1,0,"55,9",S,0,1,0,1,0,"0,4875","1,755",1,,"0,784","0,687","0,769","0,318","0,299","0,716","0,131","0,355",,,,,
0,3,female,,1,0,14.4583,C,,,,,,,,,,,,,,,,,,,,,,
1,3,male,32,0,0,7925,S,1,1,0,0,0,"0,4","3,899",1,,"0,734","0,848","0,288","0,149","0,299","0,375","0,967","0,235",,,,,
1,2,female,25,1,1,30,S,0,1,0,0,1,"0,3125","1,491",1,,"0,101","0,274","0,420","0,758","0,718","0,440","0,342","0,450",,,,,
1,1,female,39,1,1,"110,8833",C,0,0,1,1,0,"0,4875","2,049",1,,"0,922","0,151","0,326","0,657","0,115","0,872","0,141","0,876",,,,,
0,2,male,54,0,0,26,S,1,1,0,0,1,"0,675","1,431",1,,"0,542","0,097","0,406","0,112","0,135","0,502","0,438","0,556",,,,,
0,1,male,36,0,0,40125,C,1,0,1,1,0,"0,45","4,603",1,,"0,190","0,648","0,077","0,477","0,813","0,157","0,590","0,711",,,,,
0,3,male,,0,0,8.7125,C,,,,,,,,,,,,,,,,,,,,,,
1,1,female,18,0,2,"79,65",S,0,1,0,1,0,"0,225","1,907",1,,"0,667","0,190","0,560","0,919","0,055","0,710","0,004","0,788",,,,,
0,2,male,47,0,0,15,S,1,1,0,0,1,"0,5875","1,204",1,,"0,201","0,922","0,180","0,849","0,390","0,304","0,413","0,181",,,,,
1,1,male,60,1,1,"79,2",C,1,0,1,1,0,"0,75","1,904",1,,"0,763","0,239","0,983","0,171","0,961","0,453","0,358","0,480",,,,,
0,3,male,22,0,0,"8,05",S,1,1,0,0,0,"0,275","0,957",1,,"0,488","0,452","0,062","0,284","0,762","0,174","0,036","0,521",,,,,
0,3,male,,0,0,8.05,S,,,,,,,,,,,,,,,,,,,,,,
0,3,male,35,0,0,7125,S,1,1,0,0,0,"0,4375","3,853",1,,"0,289","0,801","0,009","0,357","0,900","0,449","0,945","0,860",,,,,
1,1,female,52,1,0,"78,2667",C,0,0,1,1,0,"0,65","1,899",1,,"0,541","0,093","0,311","0,768","0,408","0,422","0,036","0,907",,,,,
0,3,male,47,0,0,"7,25",S,1,1,0,0,0,"0,5875","0,916",1,,"0,304","0,978","0,677","0,376","0,923","0,914","0,029","0,866",,,,,
0,3,female,,0,2,7.75,Q,,,,,,,,,,,,,,,,,,,,,,
0,2,male,37,1,0,26,S,1,1,0,0,1,"0,4625","1,431",1,,"0,839","0,798","0,167","0,519","0,070","0,278","0,103","0,196",,,,,
0,3,male,36,1,1,"24,15",S,1,1,0,0,0,"0,45","1,401",1,,"0,815","0,185","0,731","0,367","0,778","0,093","0,184","0,717",,,,,
1,2,female,,0,0,33,S,,,,,,,,,,,,,,,,,,,,,,
0,3,male,49,0,0,0,S,1,1,0,0,0,"0,6125","0,000",1,,"0,321","0,256","0,623","0,638","0,335","0,016","0,440","0,461",,,,,
0,3,male,,0,0,7225,C,,,,,,,,,,,,,,,,,,,,,,
1,1,male,49,1,0,"56,9292",C,1,0,1,1,0,"0,6125","1,763",1,,"0,454","0,390","0,694","0,792","0,842","0,392","0,998","0,131",,,,,
1,2,female,24,2,1,27,S,0,1,0,0,1,"0,3","1,447",1,,"0,770","0,210","0,082","0,937","0,627","0,163","0,078","0,739",,,,,
0,3,male,,0,0,7.8958,S,,,,,,,,,,,,,,,,,,,,,,
0,1,male,,0,0,42.4,S,,,,,,,,,,,,,,,,,,,,,,
0,3,male,44,0,0,"8,05",S,1,1,0,0,0,"0,55","0,957",1,,"0,939","0,596","0,118","0,246","0,701","0,968","0,521","0,921",,,,,
1,1,male,35,0,0,"26,55",C,1,0,1,1,0,"0,4375","1,440",1,,"0,493","0,768","0,980","0,735","0,388","0,175","0,107","0,255",,,,,
0,3,male,36,1,0,"15,55",S,1,1,0,0,0,"0,45","1,219",1,,"0,296","0,767","0,760","0,907","0,663","0,391","0,264","0,853",,,,,
0,3,male,30,0,0,"7,8958",S,1,1,0,0,0,"0,375","0,949",1,,"0,008","0,016","0,102","0,895","0,930","0,196","0,807","0,792",,,,,
1,1,male,27,0,0,"30,5",S,1,1,0,1,0,"0,3375","1,498",1,,"0,216","0,332","0,021","0,177","0,067","0,488","0,612","0,379",,,,,
1,2,female,22,1,2,"41,5792",C,0,0,1,0,1,"0,275","1,629",1,,"0,959","0,730","0,295","0,588","0,688","0,676","0,330","0,659",,,,,
1,1,female,40,0,0,"153,4625",S,0,1,0,1,0,"0,5","2,189",1,,"0,327","0,321","0,272","0,796","0,897","0,014","0,851","0,931",,,,,
0,3,female,39,1,5,31275,S,0,1,0,0,0,"0,4875","4,495",1,,"0,823","0,500","0,853","0,733","0,250","0,808","0,806","0,921",,,,,
0,3,male,,0,0,7.05,S,,,,,,,,,,,,,,,,,,,,,,
1,3,female,,1,0,15.5,Q,,,,,,,,,,,,,,,,,,,,,,
0,3,male,,0,0,7.75,Q,,,,,,,,,,,,,,,,,,,,,,
0,3,male,35,0,0,"8,05",S,1,1,0,0,0,"0,4375","0,957",1,,"0,358","0,553","0,958","0,275","0,589","0,193","0,101","0,642",,,,,
1,2,female,24,1,2,65,S,0,1,0,0,1,"0,3","1,820",1,,"0,245","0,823","0,993","0,612","0,851","0,851","0,137","0,650",,,,,
0,3,male,34,1,1,"14,4",S,1,1,0,0,0,"0,425","1,188",1,,"0,331","0,606","0,766","0,501","0,858","0,209","0,827","0,396",,,,,
0,3,female,26,1,0,"16,1",S,0,1,0,0,0,"0,325","1,233",1,,"0,976","0,733","0,697","0,093","0,439","0,369","0,576","0,756",,,,,
1,2,female,4,2,1,39,S,0,1,0,0,1,"0,05","1,602",1,,"0,447","0,388","0,338","0,576","0,506","0,546","0,155","0,170",,,,,
0,2,male,26,0,0,"10,5",S,1,1,0,0,1,"0,325","1,061",1,,"0,366","0,006","0,283","0,024","0,446","0,358","0,339","0,542",,,,,
0,3,male,27,1,0,"14,4542",C,1,0,1,0,0,"0,3375","1,189",1,,"0,410","0,729","0,748","0,584","0,299","0,651","0,688","0,577",,,,,
1,1,male,42,1,0,"52,5542",S,1,1,0,1,0,"0,525","1,729",1,,"0,587","0,112","0,386","0,080","0,891","0,084","0,176","0,909",,,,,
1,3,male,20,1,1,"15,7417",C,1,0,1,0,0,"0,25","1,224",1,,"0,167","0,668","0,843","0,620","0,814","0,529","0,121","0,482",,,,,
0,3,male,21,0,0,"7,8542",S,1,1,0,0,0,"0,2625","0,947",1,,"0,606","0,206","0,282","0,925","0,780","0,063","0,238","0,789",,,,,
0,3,male,21,0,0,"16,1",S,1,1,0,0,0,"0,2625","1,233",1,,"0,259","0,933","0,917","0,501","0,850","0,115","0,409","0,245",,,,,
0,1,male,61,0,0,"32,3208",S,1,1,0,1,0,"0,7625","1,523",1,,"0,093","0,264","0,911","0,355","0,115","0,307","0,458","0,957",,,,,
0,2,male,57,0,0,"12,35",Q,1,0,0,0,1,"0,7125","1,125",1,,"0,191","0,143","0,105","0,828","0,637","0,371","0,509","0,991",,,,,
1,1,female,21,0,0,"77,9583",S,0,1,0,1,0,"0,2625","1,897",1,,"0,759","0,975","0,066","0,999","0,806","0,663","0,488","0,474",,,,,
0,3,male,26,0,0,"7,8958",S,1,1,0,0,0,"0,325","0,949",1,,"0,071","0,452","0,577","0,399","0,565","0,553","0,803","0,761",,,,,
0,3,male,,0,0,7.7333,Q,,,,,,,,,,,,,,,,,,,,,,
1,1,male,80,0,0,30,S,1,1,0,1,0,1,"1,491",1,,"0,785","0,886","0,854","0,933","0,671","0,748","0,441","0,223",,,,,
0,3,male,51,0,0,"7,0542",S,1,1,0,0,0,"0,6375","0,906",1,,"0,892","0,201","0,444","0,052","0,176","0,146","0,753","0,374",,,,,
1,1,male,32,0,0,"30,5",C,1,0,1,1,0,"0,4","1,498",1,,"0,622","0,364","0,046","0,752","0,859","0,426","0,469","0,164",,,,,
0,1,male,,0,0,0,S,,,,,,,,,,,,,,,,,,,,,,
0,3,female,9,3,2,"27,9",S,0,1,0,0,0,"0,1125","1,461",1,,"0,410","0,178","0,506","0,296","0,645","0,889","0,093","0,435",,,,,
1,2,female,28,0,0,13,S,0,1,0,0,1,"0,35","1,146",1,,"0,144","0,362","0,640","0,272","0,709","0,303","0,887","0,221",,,,,
0,3,male,32,0,0,7925,S,1,1,0,0,0,"0,4","3,899",1,,"0,800","0,031","0,044","0,289","0,817","0,281","0,680","0,165",,,,,
0,2,male,31,1,1,"26,25",S,1,1,0,0,1,"0,3875","1,435",1,,"0,514","0,740","0,007","0,191","0,705","0,898","0,348","0,937",,,,,
0,3,female,41,0,5,"39,6875",S,0,1,0,0,0,"0,5125","1,609",1,,"0,827","0,743","0,121","0,599","0,777","0,304","0,517","0,172",,,,,
0,3,male,,1,0,16.1,S,,,,,,,,,,,,,,,,,,,,,,
0,3,male,20,0,0,"7,8542",S,1,1,0,0,0,"0,25","0,947",1,,"0,189","0,200","0,324","0,973","0,618","0,601","0,252","0,172",,,,,
1,1,female,24,0,0,"69,3",C,0,0,1,1,0,"0,3","1,847",1,,"0,192","0,191","0,013","0,239","0,557","0,835","0,142","0,183",,,,,
0,3,female,2,3,2,"27,9",S,0,1,0,0,0,"0,025","1,461",1,,"0,388","0,434","0,211","0,831","0,271","0,327","0,884","0,140",,,,,
1,3,male,,0,0,56.4958,S,,,,,,,,,,,,,,,,,,,,,,
1,3,female,"0,75",2,1,"19,2583",C,0,0,1,0,0,"0,009375","1,307",1,,"0,806","0,773","0,314","0,045","0,207","0,640","0,761","0,073",,,,,
1,1,male,48,1,0,"76,7292",C,1,0,1,1,0,"0,6","1,891",1,,"0,793","0,469","0,831","0,387","0,476","0,169","0,096","0,879",,,,,
0,3,male,19,0,0,"7,8958",S,1,1,0,0,0,"0,2375","0,949",1,,"0,365","0,653","0,304","0,187","0,711","0,042","0,134","0,590",,,,,
1,1,male,56,0,0,"35,5",C,1,0,1,1,0,"0,7","1,562",1,,"0,239","0,766","0,344","0,680","0,523","0,333","0,070","0,347",,,,,
0,3,male,,0,0,7.55,S,,,,,,,,,,,,,,,,,,,,,,
1,3,female,23,0,0,"7,55",S,0,1,0,0,0,"0,2875","0,932",1,,"0,101","0,737","0,894","0,821","0,708","0,910","0,728","0,056",,,,,
0,3,male,,0,0,7.8958,S,,,,,,,,,,,,,,,,,,,,,,
1,2,female,18,0,1,23,S,0,1,0,0,1,"0,225","1,380",1,,"0,141","0,755","0,554","0,857","0,157","0,010","0,498","0,784",,,,,
0,3,male,21,0,0,"8,4333",S,1,1,0,0,0,"0,2625","0,975",1,,"0,594","0,924","0,061","0,209","0,461","0,154","0,894","0,689",,,,,
1,3,female,,0,0,7.8292,Q,,,,,,,,,,,,,,,,,,,,,,
0,3,female,18,0,0,"6,75",Q,0,0,0,0,0,"0,225","0,889",1,,"0,798","0,243","0,699","0,620","0,147","0,156","0,913","0,783",,,,,
0,2,male,24,2,0,"73,5",S,1,1,0,0,1,"0,3","1,872",1,,"0,133","0,101","0,806","0,778","0,235","0,952","0,217","0,857",,,,,
0,3,male,,0,0,7.8958,S,,,,,,,,,,,,,,,,,,,,,,
0,3,female,32,1,1,"15,5",Q,0,0,0,0,0,"0,4","1,217",1,,"0,324","0,329","0,328","0,011","0,116","0,569","0,861","0,133",,,,,
0,2,male,23,0,0,13,S,1,1,0,0,1,"0,2875","1,146",1,,"0,123","0,583","0,792","0,728","0,543","0,853","0,994","0,353",,,,,
0,1,male,58,0,2,113275,C,1,0,1,1,0,"0,725","5,054",1,,"0,590","0,538","0,548","0,298","0,898","0,010","0,459","0,615",,,,,
1,1,male,50,2,0,"133,65",S,1,1,0,1,0,"0,625","2,129",1,,"0,296","0,266","0,851","0,332","0,042","0,336","0,491","0,089",,,,,
0,3,male,40,0,0,7225,C,1,0,1,0,0,"0,5","3,859",1,,"0,435","0,922","0,204","0,409","0,767","0,917","0,438","0,549",,,,,
0,1,male,47,0,0,"25,5875",S,1,1,0,1,0,"0,5875","1,425",1,,"0,709","0,309","0,524","0,239","0,590","0,504","0,072","0,961",,,,,
0,3,male,36,0,0,"7,4958",S,1,1,0,0,0,"0,45","0,929",1,,"0,553","0,115","0,710","0,304","0,649","0,874","0,180","0,951",,,,,
1,3,male,20,1,0,7925,S,1,1,0,0,0,"0,25","3,899",1,,"0,292","0,366","0,128","0,045","0,686","0,578","0,482","0,536",,,,,
0,2,male,32,2,0,"73,5",S,1,1,0,0,1,"0,4","1,872",1,,"0,840","0,624","0,244","0,164","0,887","0,603","0,595","0,199",,,,,
0,2,male,25,0,0,13,S,1,1,0,0,1,"0,3125","1,146",1,,"0,236","0,735","0,428","0,187","0,036","0,687","0,799","0,439",,,,,
0,3,male,,0,0,7775,S,,,,,,,,,,,,,,,,,,,,,,
0,3,male,43,0,0,"8,05",S,1,1,0,0,0,"0,5375","0,957",1,,"0,637","0,080","0,285","0,943","0,509","0,280","0,611","0,749",,,,,
1,1,female,,1,0,52,S,,,,,,,,,,,,,,,,,,,,,,
1,2,female,40,1,1,39,S,0,1,0,0,1,"0,5","1,602",1,,"0,338","0,341","0,872","0,670","0,903","0,143","0,447","0,874",,,,,
0,1,male,31,1,0,52,S,1,1,0,1,0,"0,3875","1,724",1,,"0,163","0,256","0,478","0,449","0,713","0,963","0,437","0,109",,,,,
0,2,male,70,0,0,"10,5",S,1,1,0,0,1,"0,875","1,061",1,,"0,331","0,236","0,369","0,166","0,440","0,753","0,276","0,038",,,,,
1,2,male,31,0,0,13,S,1,1,0,0,1,"0,3875","1,146",1,,"0,117","0,525","0,179","0,740","0,766","0,278","0,142","0,167",,,,,
0,2,male,,0,0,0,S,,,,,,,,,,,,,,,,,,,,,,
0,3,male,18,0,0,7775,S,1,1,0,0,0,"0,225","3,891",1,,"0,315","0,530","0,231","0,789","0,163","0,298","0,434","0,325",,,,,
0,3,male,"24,5",0,0,"8,05",S,1,1,0,0,0,"0,30625","0,957",1,,"0,512","0,252","0,915","0,262","0,006","0,614","0,214","0,891",,,,,
1,3,female,18,0,0,"9,8417",S,0,1,0,0,0,"0,225","1,035",1,,"0,125","0,730","0,488","0,660","0,007","0,896","0,105","0,959",,,,,
0,3,female,43,1,6,"46,9",S,0,1,0,0,0,"0,5375","1,680",1,,"0,249","0,292","0,181","0,419","0,558","0,567","0,235","0,480",,,,,
1,1,male,36,0,1,"512,3292",C,1,0,1,1,0,"0,45","2,710",1,,"0,953","0,920","0,750","0,263","0,639","0,356","0,872","0,600",,,,,
0,3,female,,0,0,8.1375,Q,,,,,,,,,,,,,,,,,,,,,,
1,1,male,27,0,0,"76,7292",C,1,0,1,1,0,"0,3375","1,891",1,,"0,967","0,314","0,518","0,672","0,648","0,872","0,995","0,728",,,,,
0,3,male,20,0,0,9225,S,1,1,0,0,0,"0,25","3,965",1,,"0,868","0,865","0,875","0,300","0,559","0,265","0,638","0,282",,,,,
0,3,male,14,5,2,"46,9",S,1,1,0,0,0,"0,175","1,680",1,,"0,848","0,814","0,667","0,135","0,527","0,421","0,683","0,826",,,,,
0,2,male,60,1,1,39,S,1,1,0,0,1,"0,75","1,602",1,,"0,192","0,923","0,878","0,873","0,990","0,323","0,929","0,296",,,,,
0,2,male,25,1,2,"41,5792",C,1,0,1,0,1,"0,3125","1,629",1,,"0,796","0,646","0,197","0,319","0,411","0,801","0,252","0,835",,,,,
0,3,male,14,4,1,"39,6875",S,1,1,0,0,0,"0,175","1,609",1,,"0,675","0,106","0,998","0,755","0,894","0,493","0,839","0,487",,,,,
0,3,male,19,0,0,"10,1708",S,1,1,0,0,0,"0,2375","1,048",1,,"0,981","0,531","0,393","0,168","0,136","0,708","0,736","0,158",,,,,
0,3,male,18,0,0,"7,7958",S,1,1,0,0,0,"0,225","0,944",1,,"0,825","0,732","0,360","0,103","0,528","0,493","0,945","0,778",,,,,
1,1,female,15,0,1,"211,3375",S,0,1,0,1,0,"0,1875","2,327",1,,"0,099","0,203","0,699","0,594","0,250","0,150","0,640","0,489",,,,,
1,1,male,31,1,0,57,S,1,1,0,1,0,"0,3875","1,763",1,,"0,625","0,645","0,339","0,485","0,901","0,514","0,839","0,662",,,,,
1,3,female,4,0,1,"13,4167",C,0,0,1,0,0,"0,05","1,159",1,,"0,236","0,466","0,010","0,732","0,451","0,799","0,512","0,635",,,,,
1,3,male,,0,0,56.4958,S,,,,,,,,,,,,,,,,,,,,,,
0,3,male,25,0,0,7225,C,1,0,1,0,0,"0,3125","3,859",1,,"0,234","0,211","0,458","0,295","0,162","0,867","0,330","0,229",,,,,
0,1,male,60,0,0,"26,55",S,1,1,0,1,0,"0,75","1,440",1,,"0,489","0,654","0,653","0,899","0,482","0,047","0,486","0,756",,,,,
0,2,male,52,0,0,"13,5",S,1,1,0,0,1,"0,65","1,161",1,,"0,798","0,256","0,835","0,879","0,343","0,867","0,438","0,283",,,,,
0,3,male,44,0,0,"8,05",S,1,1,0,0,0,"0,55","0,957",1,,"0,441","0,700","0,154","0,454","0,738","0,161","0,606","0,845",,,,,
1,3,female,,0,0,7.7333,Q,,,,,,,,,,,,,,,,,,,,,,
0,1,male,49,1,1,"110,8833",C,1,0,1,1,0,"0,6125","2,049",1,,"0,336","0,106","0,365","0,194","0,683","0,695","0,727","0,114",,,,,
0,3,male,42,0,0,"7,65",S,1,1,0,0,0,"0,525","0,937",1,,"0,206","0,107","0,864","0,522","0,990","0,394","0,512","0,928",,,,,
1,1,female,18,1,0,227525,C,0,0,1,1,0,"0,225","5,357",1,,"0,067","0,200","0,774","0,776","0,147","0,340","0,863","0,955",,,,,
1,1,male,35,0,0,"26,2875",S,1,1,0,1,0,"0,4375","1,436",1,,"0,923","0,658","0,633","0,776","0,018","0,431","0,607","0,520",,,,,
0,3,female,18,0,1,"14,4542",C,0,0,1,0,0,"0,225","1,189",1,,"0,454","0,519","0,662","0,166","0,702","0,430","0,638","0,267",,,,,
0,3,male,25,0,0,"7,7417",Q,1,0,0,0,0,"0,3125","0,942",1,,"0,593","0,515","0,384","0,361","0,297","0,844","0,140","0,704",,,,,
0,3,male,26,1,0,"7,8542",S,1,1,0,0,0,"0,325","0,947",1,,"0,100","0,963","0,718","0,219","0,188","0,873","0,139","0,180",,,,,
0,2,male,39,0,0,26,S,1,1,0,0,1,"0,4875","1,431",1,,"0,207","0,601","0,758","0,942","0,729","0,493","0,222","0,452",,,,,
1,2,female,45,0,0,"13,5",S,0,1,0,0,1,"0,5625","1,161",1,,"0,647","0,619","0,804","0,710","0,326","0,222","0,040","0,346",,,,,
1,1,male,42,0,0,"26,2875",S,1,1,0,1,0,"0,525","1,436",1,,"0,019","0,917","0,580","0,373","0,666","0,337","0,378","0,733",,,,,
1,1,female,22,0,0,"151,55",S,0,1,0,1,0,"0,275","2,183",1,,"0,379","0,521","0,526","0,835","0,380","0,724","0,861","0,286",,,,,
1,3,male,,1,1,15.2458,C,,,,,,,,,,,,,,,,,,,,,,
1,1,female,24,0,0,"49,5042",C,0,0,1,1,0,"0,3","1,703",1,,"0,254","0,788","0,076","0,949","0,600","0,031","0,055","0,851",,,,,
0,1,male,,0,0,26.55,S,,,,,,,,,,,,,,,,,,,,,,
1,1,male,48,1,0,52,S,1,1,0,1,0,"0,6","1,724",1,,"0,602","0,142","0,784","0,123","0,316","0,396","0,249","0,018",,,,,
0,3,male,29,0,0,"9,4833",S,1,1,0,0,0,"0,3625","1,020",1,,"0,214","0,990","0,357","0,630","0,859","0,550","0,403","0,761",,,,,
0,2,male,52,0,0,13,S,1,1,0,0,1,"0,65","1,146",1,,"0,111","0,913","0,434","0,981","0,393","0,048","0,725","0,446",,,,,
0,3,male,19,0,0,"7,65",S,1,1,0,0,0,"0,2375","0,937",1,,"0,999","0,376","0,544","0,217","0,781","0,875","0,503","0,497",,,,,
1,1,female,38,0,0,227525,C,0,0,1,1,0,"0,475","5,357",1,,"0,995","0,757","0,917","0,068","0,654","0,439","0,396","0,218",,,,,
1,2,female,27,0,0,"10,5",S,0,1,0,0,1,"0,3375","1,061",1,,"0,149","0,759","0,326","0,532","0,517","0,665","0,023","0,012",,,,,
0,3,male,,0,0,15.5,Q,,,,,,,,,,,,,,,,,,,,,,
0,3,male,33,0,0,7775,S,1,1,0,0,0,"0,4125","3,891",1,,"0,062","0,189","0,004","0,059","0,624","0,534","0,491","0,021",,,,,
1,2,female,6,0,1,33,S,0,1,0,0,1,"0,075","1,531",1,,"0,781","0,209","0,376","0,967","0,647","0,662","0,678","0,402",,,,,
0,3,male,17,1,0,"7,0542",S,1,1,0,0,0,"0,2125","0,906",1,,"0,512","0,072","0,649","0,785","0,999","0,902","0,888","0,014",,,,,
0,2,male,34,0,0,13,S,1,1,0,0,1,"0,425","1,146",1,,"0,878","0,257","0,639","0,494","0,831","0,285","0,950","0,084",,,,,
0,2,male,50,0,0,13,S,1,1,0,0,1,"0,625","1,146",1,,"0,699","0,494","0,160","0,398","0,379","0,148","0,819","0,392",,,,,
1,1,male,27,1,0,"53,1",S,1,1,0,1,0,"0,3375","1,733",1,,"0,735","0,958","0,634","0,360","0,080","0,019","0,813","0,892",,,,,
0,3,male,20,0,0,"8,6625",S,1,1,0,0,0,"0,25","0,985",1,,"0,392","0,970","0,541","0,140","0,469","0,381","0,538","0,395",,,,,
1,2,female,30,3,0,21,S,0,1,0,0,1,"0,375","1,342",1,,"0,659","0,405","0,159","0,760","0,882","0,022","0,409","0,244",,,,,
1,3,female,,0,0,7.7375,Q,,,,,,,,,,,,,,,,,,,,,,
0,2,male,25,1,0,26,S,1,1,0,0,1,"0,3125","1,431",1,,"0,403","0,724","0,477","0,894","0,746","0,089","0,952","0,825",,,,,
0,3,female,25,1,0,7925,S,0,1,0,0,0,"0,3125","3,899",1,,"0,474","0,389","0,912","0,863","0,892","0,714","0,416","0,676",,,,,
1,1,female,29,0,0,"211,3375",S,0,1,0,1,0,"0,3625","2,327",1,,"0,079","0,289","0,458","0,352","0,028","0,603","0,611","0,065",,,,,
0,3,male,11,0,0,"18,7875",C,1,0,1,0,0,"0,1375","1,296",1,,"0,264","0,423","0,784","0,068","0,363","0,920","0,078","0,118",,,,,
0,2,male,,0,0,0,S,,,,,,,,,,,,,,,,,,,,,,
0,2,male,23,0,0,13,S,1,1,0,0,1,"0,2875","1,146",1,,"0,946","0,171","0,783","0,194","0,113","0,702","0,670","0,185",,,,,
0,2,male,23,0,0,13,S,1,1,0,0,1,"0,2875","1,146",1,,"0,801","0,690","0,383","0,519","0,160","0,928","0,533","0,754",,,,,
0,3,male,"28,5",0,0,"16,1",S,1,1,0,0,0,"0,35625","1,233",1,,"0,167","0,665","0,648","0,906","0,045","0,378","0,622","0,644",,,,,
0,3,female,48,1,3,34375,S,0,1,0,0,0,"0,6","4,536",1,,"0,980","0,925","0,718","0,696","0,850","0,336","0,766","0,116",,,,,
1,1,male,35,0,0,"512,3292",C,1,0,1,1,0,"0,4375","2,710",1,,"0,745","0,343","0,466","0,905","0,221","0,037","0,261","0,672",,,,,
0,3,male,,0,0,7.8958,S,,,,,,,,,,,,,,,,,,,,,,
0,3,male,,0,0,7.8958,S,,,,,,,,,,,,,,,,,,,,,,
1,1,male,,0,0,30,S,,,,,,,,,,,,,,,,,,,,,,
0,1,male,36,1,0,"78,85",S,1,1,0,1,0,"0,45","1,902",1,,"0,517","0,328","0,166","0,894","0,281","0,656","0,677","0,735",,,,,
1,1,female,21,2,2,262375,C,0,0,1,1,0,"0,2625","5,419",1,,"0,197","0,333","0,983","0,594","0,860","0,722","0,945","0,928",,,,,
0,3,male,24,1,0,"16,1",S,1,1,0,0,0,"0,3","1,233",1,,"0,140","0,397","0,854","0,929","0,088","0,081","0,954","0,802",,,,,
1,3,male,31,0,0,7925,S,1,1,0,0,0,"0,3875","3,899",1,,"0,848","0,444","0,535","0,148","0,396","0,038","0,734","0,507",,,,,
0,1,male,70,1,1,71,S,1,1,0,1,0,"0,875","1,857",1,,"0,286","0,198","0,822","0,414","0,093","0,069","0,166","0,395",,,,,
0,3,male,16,1,1,"20,25",S,1,1,0,0,0,"0,2","1,327",1,,"0,995","0,985","0,583","0,361","0,141","0,569","0,848","0,631",,,,,
1,2,female,30,0,0,13,S,0,1,0,0,1,"0,375","1,146",1,,"0,126","0,426","0,590","0,826","0,550","0,344","0,696","0,308",,,,,
0,1,male,19,1,0,"53,1",S,1,1,0,1,0,"0,2375","1,733",1,,"0,694","0,628","0,108","0,711","0,759","0,935","0,672","0,369",,,,,
0,3,male,31,0,0,"7,75",Q,1,0,0,0,0,"0,3875","0,942",1,,"0,842","0,344","0,760","0,828","0,405","0,875","0,412","0,960",,,,,
1,2,female,4,1,1,23,S,0,1,0,0,1,"0,05","1,380",1,,"0,128","0,779","0,237","0,251","0,335","0,920","0,498","0,309",,,,,
1,3,male,6,0,1,12475,S,1,1,0,0,0,"0,075","4,096",1,,"0,330","0,048","0,464","0,603","0,862","0,373","0,278","0,721",,,,,
0,3,male,33,0,0,"9,5",S,1,1,0,0,0,"0,4125","1,021",1,,"0,927","0,337","0,907","0,145","0,310","0,314","0,840","0,770",,,,,
0,3,male,23,0,0,"7,8958",S,1,1,0,0,0,"0,2875","0,949",1,,"0,992","0,670","0,366","0,186","0,251","0,287","0,519","0,074",,,,,
1,2,female,48,1,2,65,S,0,1,0,0,1,"0,6","1,820",1,,"0,082","0,686","0,294","0,520","0,392","0,833","0,312","0,047",,,,,
1,2,male,"0,67",1,1,"14,5",S,1,1,0,0,1,"0,008375","1,190",1,,"0,023","0,943","0,298","0,543","0,315","0,269","0,532","0,141",,,,,
0,3,male,28,0,0,"7,7958",S,1,1,0,0,0,"0,35","0,944",1,,"0,590","0,077","0,940","0,739","0,516","0,022","0,916","0,640",,,,,
0,2,male,18,0,0,"11,5",S,1,1,0,0,1,"0,225","1,097",1,,"0,027","0,796","0,248","0,519","0,554","0,644","0,667","0,406",,,,,
0,3,male,34,0,0,"8,05",S,1,1,0,0,0,"0,425","0,957",1,,"0,969","0,121","0,789","0,773","0,363","0,159","0,444","0,376",,,,,
1,1,female,33,0,0,"86,5",S,0,1,0,1,0,"0,4125","1,942",1,,"0,924","0,585","0,101","0,575","0,472","0,005","0,677","0,247",,,,,
0,3,male,,0,0,14.5,S,,,,,,,,,,,,,,,,,,,,,,
0,3,male,41,0,0,7125,S,1,1,0,0,0,"0,5125","3,853",1,,"0,888","0,949","0,905","0,087","0,757","0,767","0,211","0,947",,,,,
1,3,male,20,0,0,"7,2292",C,1,0,1,0,0,"0,25","0,915",1,,"0,908","0,623","0,860","0,686","0,448","0,922","0,287","0,834",,,,,
1,1,female,36,1,2,120,S,0,1,0,1,0,"0,45","2,083",1,,"0,036","0,199","0,058","0,037","0,685","0,243","0,083","0,139",,,,,
0,3,male,16,0,0,7775,S,1,1,0,0,0,"0,2","3,891",1,,"0,681","0,675","0,621","0,602","0,412","0,201","0,408","0,753",,,,,
1,1,female,51,1,0,"77,9583",S,0,1,0,1,0,"0,6375","1,897",1,,"0,690","0,590","0,315","0,353","0,819","0,304","0,130","0,236",,,,,
0,1,male,,0,0,39.6,C,,,,,,,,,,,,,,,,,,,,,,
0,3,female,"30,5",0,0,"7,75",Q,0,0,0,0,0,"0,38125","0,942",1,,"0,184","0,551","0,531","0,631","0,158","0,884","0,167","0,417",,,,,
0,3,male,,1,0,24.15,Q,,,,,,,,,,,,,,,,,,,,,,
0,3,male,32,0,0,"8,3625",S,1,1,0,0,0,"0,4","0,971",1,,"0,324","0,008","0,109","0,172","0,520","0,188","0,376","0,561",,,,,
0,3,male,24,0,0,"9,5",S,1,1,0,0,0,"0,3","1,021",1,,"0,643","0,636","0,318","0,751","0,934","0,886","0,450","0,191",,,,,
0,3,male,48,0,0,"7,8542",S,1,1,0,0,0,"0,6","0,947",1,,"0,465","0,487","0,956","0,650","0,858","0,828","0,241","0,521",,,,,
0,2,female,57,0,0,"10,5",S,0,1,0,0,1,"0,7125","1,061",1,,"0,122","0,464","0,091","0,948","0,361","0,164","0,051","0,403",,,,,
0,3,male,,0,0,7225,C,,,,,,,,,,,,,,,,,,,,,,
1,2,female,54,1,3,23,S,0,1,0,0,1,"0,675","1,380",1,,"0,521","0,567","0,298","0,254","0,832","0,839","0,287","0,253",,,,,
0,3,male,18,0,0,"7,75",S,1,1,0,0,0,"0,225","0,942",1,,"0,578","0,613","0,835","0,654","0,209","0,237","0,072","0,912",,,,,
0,3,male,,0,0,7.75,Q,,,,,,,,,,,,,,,,,,,,,,
1,3,female,5,0,0,12475,S,0,1,0,0,0,"0,0625","4,096",1,,"0,998","0,728","0,331","0,745","0,793","0,951","0,353","0,645",,,,,
0,3,male,,0,0,7.7375,Q,,,,,,,,,,,,,,,,,,,,,,
1,1,female,43,0,1,"211,3375",S,0,1,0,1,0,"0,5375","2,327",1,,"0,540","0,812","0,684","0,631","0,797","0,265","0,717","0,391",,,,,
1,3,female,13,0,0,"7,2292",C,0,0,1,0,0,"0,1625","0,915",1,,"0,567","0,899","0,033","0,929","0,516","0,735","0,777","0,789",,,,,
1,1,female,17,1,0,57,S,0,1,0,1,0,"0,2125","1,763",1,,"0,627","0,947","0,273","0,679","0,067","0,406","0,846","0,269",,,,,
0,1,male,29,0,0,30,S,1,1,0,1,0,"0,3625","1,491",1,,"0,470","0,256","0,052","0,869","0,275","0,772","0,952","0,233",,,,,
0,3,male,,1,2,23.45,S,,,,,,,,,,,,,,,,,,,,,,
0,3,male,25,0,0,"7,05",S,1,1,0,0,0,"0,3125","0,906",1,,"0,748","0,914","0,460","0,737","0,312","0,260","0,502","0,884",,,,,
0,3,male,25,0,0,"7,25",S,1,1,0,0,0,"0,3125","0,916",1,,"0,450","0,943","0,326","0,385","0,531","0,300","0,513","0,446",,,,,
1,3,female,18,0,0,"7,4958",S,0,1,0,0,0,"0,225","0,929",1,,"0,201","0,463","0,487","0,892","0,083","0,605","0,214","0,881",,,,,
0,3,male,8,4,1,29125,Q,1,0,0,0,0,"0,1","4,464",1,,"0,716","0,016","0,061","0,468","0,046","0,750","0,500","0,307",,,,,
1,3,male,1,1,2,20575,S,1,1,0,0,0,"0,0125","4,313",1,,"0,352","0,681","0,262","0,167","0,305","0,810","0,762","0,421",,,,,
0,1,male,46,0,0,"79,2",C,1,0,1,1,0,"0,575","1,904",1,,"0,956","0,197","0,549","0,537","0,327","0,019","0,676","0,111",,,,,
0,3,male,,0,0,7.75,Q,,,,,,,,,,,,,,,,,,,,,,
0,2,male,16,0,0,26,S,1,1,0,0,1,"0,2","1,431",1,,"0,184","0,320","0,941","0,644","0,199","0,538","0,882","0,553",,,,,
0,3,female,,8,2,69.55,S,,,,,,,,,,,,,,,,,,,,,,
0,1,male,,0,0,30.6958,C,,,,,,,,,,,,,,,,,,,,,,
0,3,male,25,0,0,"7,8958",S,1,1,0,0,0,"0,3125","0,949",1,,"0,421","0,883","0,223","0,199","0,402","0,775","0,389","0,459",,,,,
0,2,male,39,0,0,13,S,1,1,0,0,1,"0,4875","1,146",1,,"0,610","0,671","0,556","0,590","0,948","0,652","0,242","0,498",,,,,
1,1,female,49,0,0,"25,9292",S,0,1,0,1,0,"0,6125","1,430",1,,"0,535","0,508","0,335","0,831","0,440","0,875","0,958","0,288",,,,,
1,3,female,31,0,0,"8,6833",S,0,1,0,0,0,"0,3875","0,986",1,,"0,087","0,614","0,141","0,914","0,128","0,564","0,144","0,997",,,,,
0,3,male,30,0,0,"7,2292",C,1,0,1,0,0,"0,375","0,915",1,,"0,447","0,083","0,401","0,223","0,246","0,160","0,733","0,068",,,,,
0,3,female,30,1,1,"24,15",S,0,1,0,0,0,"0,375","1,401",1,,"0,340","0,091","0,394","0,025","0,295","0,832","0,080","0,666",,,,,
0,2,male,34,0,0,13,S,1,1,0,0,1,"0,425","1,146",1,,"0,384","0,273","0,965","0,859","0,994","0,551","0,902","0,694",,,,,
1,2,female,31,1,1,"26,25",S,0,1,0,0,1,"0,3875","1,435",1,,"0,962","0,546","0,059","0,281","0,435","0,586","0,069","0,195",,,,,
1,1,male,11,1,2,120,S,1,1,0,1,0,"0,1375","2,083",1,,"0,855","0,410","0,352","0,851","0,584","0,388","0,407","0,810",,,,,
1,3,male,"0,42",0,1,"8,5167",C,1,0,1,0,0,"0,00525","0,978",1,,"0,551","0,871","0,449","0,362","0,013","0,219","0,722","0,271",,,,,
1,3,male,27,0,0,6975,S,1,1,0,0,0,"0,3375","3,844",1,,"0,541","0,777","0,424","0,004","0,834","0,231","0,293","0,529",,,,,
0,3,male,31,0,0,7775,S,1,1,0,0,0,"0,3875","3,891",1,,"0,922","0,321","0,588","0,022","0,384","0,934","0,266","0,373",,,,,
0,1,male,39,0,0,0,S,1,1,0,1,0,"0,4875","0,000",1,,"0,509","0,389","0,537","0,119","0,056","0,084","0,840","0,460",,,,,
0,3,female,18,0,0,7775,S,0,1,0,0,0,"0,225","3,891",1,,"0,267","0,548","0,446","0,851","0,323","0,919","0,905","0,986",,,,,
0,2,male,39,0,0,13,S,1,1,0,0,1,"0,4875","1,146",1,,"0,424","0,025","0,430","0,450","0,624","0,661","0,471","0,471",,,,,
1,1,female,33,1,0,"53,1",S,0,1,0,1,0,"0,4125","1,733",1,,"0,441","0,729","0,925","0,762","0,865","0,175","0,840","0,068",,,,,
0,3,male,26,0,0,"7,8875",S,1,1,0,0,0,"0,325","0,949",1,,"0,434","0,913","0,976","0,916","0,422","0,640","0,141","0,525",,,,,
0,3,male,39,0,0,"24,15",S,1,1,0,0,0,"0,4875","1,401",1,,"0,644","0,398","0,350","0,111","0,265","0,990","0,090","0,163",,,,,
0,2,male,35,0,0,"10,5",S,1,1,0,0,1,"0,4375","1,061",1,,"0,633","0,881","0,596","0,346","0,060","0,249","0,867","0,357",,,,,
0,3,female,6,4,2,31275,S,0,1,0,0,0,"0,075","4,495",1,,"0,305","0,297","0,365","0,460","0,192","0,108","0,060","0,112",,,,,
0,3,male,"30,5",0,0,"8,05",S,1,1,0,0,0,"0,38125","0,957",1,,"0,975","0,902","0,901","0,548","0,248","0,991","0,611","0,878",,,,,
0,1,male,,0,0,0,S,,,,,,,,,,,,,,,,,,,,,,
0,3,female,23,0,0,7925,S,0,1,0,0,0,"0,2875","3,899",1,,"0,810","0,125","0,409","0,875","0,718","0,195","0,380","0,419",,,,,
0,2,male,31,1,1,"37,0042",C,1,0,1,0,1,"0,3875","1,580",1,,"0,433","0,617","0,183","0,618","0,965","0,084","0,388","0,873",,,,,
0,3,male,43,0,0,"6,45",S,1,1,0,0,0,"0,5375","0,872",1,,"0,951","0,248","0,744","0,100","0,876","0,409","0,904","0,950",,,,,
0,3,male,10,3,2,"27,9",S,1,1,0,0,0,"0,125","1,461",1,,"0,974","0,932","0,693","0,452","0,280","0,928","0,402","0,372",,,,,
1,1,female,52,1,1,"93,5",S,0,1,0,1,0,"0,65","1,975",1,,"0,059","0,948","0,001","0,466","0,654","0,489","0,393","0,313",,,,,
1,3,male,27,0,0,"8,6625",S,1,1,0,0,0,"0,3375","0,985",1,,"0,376","0,314","0,595","0,727","0,945","0,207","0,165","0,154",,,,,
0,1,male,38,0,0,0,S,1,1,0,1,0,"0,475","0,000",1,,"0,327","0,890","0,727","0,085","0,770","0,573","0,649","0,528",,,,,
1,3,female,27,0,1,12475,S,0,1,0,0,0,"0,3375","4,096",1,,"0,470","0,618","0,501","0,865","0,305","0,462","0,949","0,887",,,,,
0,3,male,2,4,1,"39,6875",S,1,1,0,0,0,"0,025","1,609",1,,"0,147","0,703","0,177","0,597","0,390","0,947","0,322","0,044",,,,,
0,3,male,,0,0,6.95,Q,,,,,,,,,,,,,,,,,,,,,,
0,3,male,,0,0,56.4958,S,,,,,,,,,,,,,,,,,,,,,,
1,2,male,1,0,2,"37,0042",C,1,0,1,0,1,"0,0125","1,580",1,,"0,175","0,037","0,749","0,648","0,379","0,721","0,997","0,694",,,,,
1,3,male,,0,0,7.75,Q,,,,,,,,,,,,,,,,,,,,,,
1,1,female,62,0,0,80,,0,0,0,1,0,"0,775","1,908",1,,"0,118","0,140","0,455","0,970","0,984","0,411","0,609","0,040",,,,,
1,3,female,15,1,0,"14,4542",C,0,0,1,0,0,"0,1875","1,189",1,,"0,491","0,195","0,239","0,397","0,666","0,142","0,639","0,635",,,,,
1,2,male,"0,83",1,1,"18,75",S,1,1,0,0,1,"0,010375","1,296",1,,"0,073","0,140","0,851","0,680","0,293","0,159","0,746","0,550",,,,,
0,3,male,,0,0,7.2292,C,,,,,,,,,,,,,,,,,,,,,,
0,3,male,23,0,0,"7,8542",S,1,1,0,0,0,"0,2875","0,947",1,,"0,457","0,474","0,720","0,381","0,427","0,822","0,335","0,765",,,,,
0,3,male,18,0,0,"8,3",S,1,1,0,0,0,"0,225","0,968",1,,"0,531","0,890","0,053","0,616","0,331","0,044","0,007","0,679",,,,,
1,1,female,39,1,1,"83,1583",C,0,0,1,1,0,"0,4875","1,925",1,,"0,730","0,500","0,108","0,885","0,365","0,957","0,659","0,723",,,,,
0,3,male,21,0,0,"8,6625",S,1,1,0,0,0,"0,2625","0,985",1,,"0,951","0,184","0,195","0,688","0,446","0,070","0,155","0,918",,,,,
0,3,male,,0,0,8.05,S,,,,,,,,,,,,,,,,,,,,,,
1,3,male,32,0,0,"56,4958",S,1,1,0,0,0,"0,4","1,760",1,,"0,174","0,473","0,430","0,065","0,993","0,338","0,336","0,575",,,,,
1,1,male,,0,0,29.7,C,,,,,,,,,,,,,,,,,,,,,,
0,3,male,20,0,0,7925,S,1,1,0,0,0,"0,25","3,899",1,,"0,546","0,935","0,629","0,017","0,928","0,763","0,252","0,837",,,,,
0,2,male,16,0,0,"10,5",S,1,1,0,0,1,"0,2","1,061",1,,"0,487","0,896","0,562","0,677","0,022","0,955","0,821","0,320",,,,,
1,1,female,30,0,0,31,C,0,0,1,1,0,"0,375","1,505",1,,"0,010","0,148","0,989","0,013","0,438","0,131","0,274","0,658",,,,,
0,3,male,"34,5",0,0,"6,4375",C,1,0,1,0,0,"0,43125","0,871",1,,"0,383","0,673","0,797","0,542","0,741","0,321","0,396","0,508",,,,,
0,3,male,17,0,0,"8,6625",S,1,1,0,0,0,"0,2125","0,985",1,,"0,541","0,504","0,429","0,272","0,705","0,293","0,946","0,802",,,,,
0,3,male,42,0,0,"7,55",S,1,1,0,0,0,"0,525","0,932",1,,"0,443","0,048","0,017","0,836","0,590","0,718","0,689","0,030",,,,,
0,3,male,,8,2,69.55,S,,,,,,,,,,,,,,,,,,,,,,
0,3,male,35,0,0,"7,8958",C,1,0,1,0,0,"0,4375","0,949",1,,"0,749","0,716","0,552","0,208","0,000","0,690","0,514","0,468",,,,,
0,2,male,28,0,1,33,S,1,1,0,0,1,"0,35","1,531",1,,"0,297","0,140","0,256","0,296","0,858","0,573","0,292","0,987",,,,,
1,1,female,,1,0,89.1042,C,,,,,,,,,,,,,,,,,,,,,,
0,3,male,4,4,2,31275,S,1,1,0,0,0,"0,05","4,495",1,,"0,194","0,223","0,812","0,414","0,422","0,799","0,129","0,928",,,,,
0,3,male,74,0,0,7775,S,1,1,0,0,0,"0,925","3,891",1,,"0,894","0,581","0,927","0,908","0,220","0,286","0,371","0,773",,,,,
0,3,female,9,1,1,"15,2458",C,0,0,1,0,0,"0,1125","1,211",1,,"0,370","0,749","0,492","0,355","0,602","0,499","0,524","0,435",,,,,
1,1,female,16,0,1,"39,4",S,0,1,0,1,0,"0,2","1,606",1,,"0,293","0,497","0,045","0,042","0,980","0,020","0,544","0,016",,,,,
0,2,female,44,1,0,26,S,0,1,0,0,1,"0,55","1,431",1,,"0,256","0,323","0,557","0,732","0,219","0,133","0,191","0,265",,,,,
1,3,female,18,0,1,"9,35",S,0,1,0,0,0,"0,225","1,015",1,,"0,516","0,900","0,268","0,488","0,430","0,667","0,967","0,567",,,,,
1,1,female,45,1,1,"164,8667",S,0,1,0,1,0,"0,5625","2,220",1,,"0,155","0,583","0,853","0,143","0,389","0,250","0,484","0,965",,,,,
1,1,male,51,0,0,"26,55",S,1,1,0,1,0,"0,6375","1,440",1,,"0,469","0,317","0,889","0,027","0,009","0,781","0,515","0,248",,,,,
1,3,female,24,0,3,"19,2583",C,0,0,1,0,0,"0,3","1,307",1,,"0,349","0,588","0,112","0,425","0,608","0,630","0,920","0,169",,,,,
0,3,male,,0,0,7.2292,C,,,,,,,,,,,,,,,,,,,,,,
0,3,male,41,2,0,"14,1083",S,1,1,0,0,0,"0,5125","1,179",1,,"0,116","0,412","0,748","0,017","0,526","0,009","0,032","0,455",,,,,
0,2,male,21,1,0,"11,5",S,1,1,0,0,1,"0,2625","1,097",1,,"0,586","0,084","0,723","0,833","0,773","0,997","0,851","0,358",,,,,
1,1,female,48,0,0,"25,9292",S,0,1,0,1,0,"0,6","1,430",1,,"0,644","0,945","0,547","0,365","0,365","0,796","0,014","0,531",,,,,
0,3,female,,8,2,69.55,S,,,,,,,,,,,,,,,,,,,,,,
0,2,male,24,0,0,13,S,1,1,0,0,1,"0,3","1,146",1,,"0,228","0,318","0,686","0,792","0,747","0,974","0,962","0,939",,,,,
1,2,female,42,0,0,13,S,0,1,0,0,1,"0,525","1,146",1,,"0,259","0,094","0,395","0,915","0,367","0,157","0,293","0,821",,,,,
1,2,female,27,1,0,"13,8583",C,0,0,1,0,1,"0,3375","1,172",1,,"0,104","0,213","0,799","0,082","0,714","0,602","0,356","0,178",,,,,
0,1,male,31,0,0,"50,4958",S,1,1,0,1,0,"0,3875","1,712",1,,"0,844","0,854","0,539","0,695","0,785","0,270","0,963","0,685",,,,,
0,3,male,,0,0,9.5,S,,,,,,,,,,,,,,,,,,,,,,
1,3,male,4,1,1,"11,1333",S,1,1,0,0,0,"0,05","1,084",1,,"0,393","0,249","0,658","0,033","0,072","0,552","0,323","0,293",,,,,
0,3,male,26,0,0,"7,8958",S,1,1,0,0,0,"0,325","0,949",1,,"0,430","0,634","0,170","0,014","0,012","0,372","0,998","0,152",,,,,
1,1,female,47,1,1,"52,5542",S,0,1,0,1,0,"0,5875","1,729",1,,"0,766","0,561","0,982","0,426","0,350","0,455","0,909","0,718",,,,,
0,1,male,33,0,0,5,S,1,1,0,1,0,"0,4125","0,778",1,,"0,663","0,243","0,759","0,800","0,359","0,315","0,067","0,736",,,,,
0,3,male,47,0,0,9,S,1,1,0,0,0,"0,5875","1,000",1,,"0,923","0,207","0,237","0,603","0,864","0,267","0,857","0,027",,,,,
1,2,female,28,1,0,24,C,0,0,1,0,1,"0,35","1,398",1,,"0,053","0,005","0,581","0,297","0,104","0,188","0,922","0,180",,,,,
1,3,female,15,0,0,7225,C,0,0,1,0,0,"0,1875","3,859",1,,"0,630","0,561","0,842","0,617","0,034","0,777","0,062","0,910",,,,,
0,3,male,20,0,0,"9,8458",S,1,1,0,0,0,"0,25","1,035",1,,"0,481","0,737","0,728","0,101","0,418","0,732","0,181","0,661",,,,,
0,3,male,19,0,0,"7,8958",S,1,1,0,0,0,"0,2375","0,949",1,,"0,076","0,385","0,140","0,099","0,691","0,297","0,124","0,182",,,,,
0,3,male,,0,0,7.8958,S,,,,,,,,,,,,,,,,,,,,,,
1,1,female,56,0,1,"83,1583",C,0,0,1,1,0,"0,7","1,925",1,,"0,124","0,163","0,145","0,022","0,838","0,721","0,388","0,454",,,,,
1,2,female,25,0,1,26,S,0,1,0,0,1,"0,3125","1,431",1,,"0,131","0,649","0,629","0,250","0,708","0,161","0,307","0,675",,,,,
0,3,male,33,0,0,"7,8958",S,1,1,0,0,0,"0,4125","0,949",1,,"0,967","0,610","0,568","0,369","0,597","0,223","0,980","0,143",,,,,
0,3,female,22,0,0,"10,5167",S,0,1,0,0,0,"0,275","1,061",1,,"0,826","0,725","0,500","0,389","0,963","0,172","0,945","0,611",,,,,
0,2,male,28,0,0,"10,5",S,1,1,0,0,1,"0,35","1,061",1,,"0,381","0,723","0,114","0,634","0,356","0,772","0,224","0,028",,,,,
0,3,male,25,0,0,"7,05",S,1,1,0,0,0,"0,3125","0,906",1,,"0,906","0,442","0,124","0,933","0,551","0,242","0,313","0,868",,,,,
0,3,female,39,0,5,29125,Q,0,0,0,0,0,"0,4875","4,464",1,,"0,747","0,685","0,530","0,375","0,540","0,106","0,591","0,260",,,,,
0,2,male,27,0,0,13,S,1,1,0,0,1,"0,3375","1,146",1,,"0,365","0,932","0,484","0,751","0,958","0,403","0,039","0,674",,,,,
1,1,female,19,0,0,30,S,0,1,0,1,0,"0,2375","1,491",1,,"0,024","0,768","0,639","0,909","0,906","0,417","0,493","0,037",,,,,
0,3,female,,1,2,23.45,S,,,,,,,,,,,,,,,,,,,,,,
1,1,male,26,0,0,30,C,1,0,1,1,0,"0,325","1,491",1,,"0,049","0,180","0,560","0,461","0,865","0,120","0,822","0,484",,,,,
0,3,male,32,0,0,"7,75",Q,1,0,0,0,0,"0,4","0,942",1,,"0,831","0,740","0,688","0,657","0,676","0,458","0,330","0,138",,,,,
